DEBUG - 2025-09-26 05:33:23 --> Session: Class initialized using 'CodeIgniter\Session\Handlers\FileHandler' driver.
DEBUG - 2025-09-26 05:33:23 --> User IP: ::1
DEBUG - 2025-09-26 05:33:24 --> Session: Class initialized using 'CodeIgniter\Session\Handlers\FileHandler' driver.
DEBUG - 2025-09-26 05:33:25 --> Session: Class initialized using 'CodeIgniter\Session\Handlers\FileHandler' driver.
DEBUG - 2025-09-26 05:33:25 --> User IP: ::1
DEBUG - 2025-09-26 05:33:34 --> Session: Class initialized using 'CodeIgniter\Session\Handlers\FileHandler' driver.
DEBUG - 2025-09-26 05:33:34 --> User IP: ::1
DEBUG - 2025-09-26 05:33:35 --> Session: Class initialized using 'CodeIgniter\Session\Handlers\FileHandler' driver.
DEBUG - 2025-09-26 05:33:35 --> User IP: ::1
DEBUG - 2025-09-26 05:33:35 --> Session: Class initialized using 'CodeIgniter\Session\Handlers\FileHandler' driver.
DEBUG - 2025-09-26 05:33:36 --> User IP: ::1
ERROR - 2025-09-26 05:33:38 --> Error connecting to the database: mysqli_sql_exception: Access denied for user 'u853418576_Test'@'160.20.106.107' (using password: YES) in C:\xampp\htdocs\gighz-people\system\Database\MySQLi\Connection.php:186
Stack trace:
#0 C:\xampp\htdocs\gighz-people\system\Database\MySQLi\Connection.php(186): mysqli->real_connect('srv827.hstgr.io', 'u853418576_Test', Object(SensitiveParameterValue), 'u853418576_Test', 3306, '', 0)
#1 C:\xampp\htdocs\gighz-people\system\Database\BaseConnection.php(421): CodeIgniter\Database\MySQLi\Connection->connect(false)
#2 C:\xampp\htdocs\gighz-people\system\Database\BaseConnection.php(616): CodeIgniter\Database\BaseConnection->initialize()
#3 C:\xampp\htdocs\gighz-people\app\Controllers\Dashboard.php(407): CodeIgniter\Database\BaseConnection->query('SELECT * FROM t...', Array)
#4 C:\xampp\htdocs\gighz-people\app\Controllers\Dashboard.php(136): App\Controllers\Dashboard->getworkedRRAndGeneralWorks('GZ44', '2025-09-25', '2025-10-24')
#5 C:\xampp\htdocs\gighz-people\system\CodeIgniter.php(933): App\Controllers\Dashboard->dashboardDatas()
#6 C:\xampp\htdocs\gighz-people\system\CodeIgniter.php(509): CodeIgniter\CodeIgniter->runController(Object(App\Controllers\Dashboard))
#7 C:\xampp\htdocs\gighz-people\system\CodeIgniter.php(355): CodeIgniter\CodeIgniter->handleRequest(NULL, Object(Config\Cache), false)
#8 C:\xampp\htdocs\gighz-people\system\Boot.php(334): CodeIgniter\CodeIgniter->run()
#9 C:\xampp\htdocs\gighz-people\system\Boot.php(67): CodeIgniter\Boot::runCodeIgniter(Object(CodeIgniter\CodeIgniter))
#10 C:\xampp\htdocs\gighz-people\public\index.php(56): CodeIgniter\Boot::bootWeb(Object(Config\Paths))
#11 {main}

Next CodeIgniter\Database\Exceptions\DatabaseException: Access denied for user '****'@'160.20.106.107' (using password: YES) in C:\xampp\htdocs\gighz-people\system\Database\MySQLi\Connection.php:231
Stack trace:
#0 C:\xampp\htdocs\gighz-people\system\Database\BaseConnection.php(421): CodeIgniter\Database\MySQLi\Connection->connect(false)
#1 C:\xampp\htdocs\gighz-people\system\Database\BaseConnection.php(616): CodeIgniter\Database\BaseConnection->initialize()
#2 C:\xampp\htdocs\gighz-people\app\Controllers\Dashboard.php(407): CodeIgniter\Database\BaseConnection->query('SELECT * FROM t...', Array)
#3 C:\xampp\htdocs\gighz-people\app\Controllers\Dashboard.php(136): App\Controllers\Dashboard->getworkedRRAndGeneralWorks('GZ44', '2025-09-25', '2025-10-24')
#4 C:\xampp\htdocs\gighz-people\system\CodeIgniter.php(933): App\Controllers\Dashboard->dashboardDatas()
#5 C:\xampp\htdocs\gighz-people\system\CodeIgniter.php(509): CodeIgniter\CodeIgniter->runController(Object(App\Controllers\Dashboard))
#6 C:\xampp\htdocs\gighz-people\system\CodeIgniter.php(355): CodeIgniter\CodeIgniter->handleRequest(NULL, Object(Config\Cache), false)
#7 C:\xampp\htdocs\gighz-people\system\Boot.php(334): CodeIgniter\CodeIgniter->run()
#8 C:\xampp\htdocs\gighz-people\system\Boot.php(67): CodeIgniter\Boot::runCodeIgniter(Object(CodeIgniter\CodeIgniter))
#9 C:\xampp\htdocs\gighz-people\public\index.php(56): CodeIgniter\Boot::bootWeb(Object(Config\Paths))
#10 {main}
CRITICAL - 2025-09-26 05:33:38 --> CodeIgniter\Database\Exceptions\DatabaseException: Unable to connect to the database.
Main connection [MySQLi]: Access denied for user '****'@'160.20.106.107' (using password: YES)
[Method: POST, Route: dashboard/dashboardDatas]
in SYSTEMPATH\Database\BaseConnection.php on line 467.
 1 SYSTEMPATH\Database\BaseConnection.php(616): CodeIgniter\Database\BaseConnection->initialize()
 2 APPPATH\Controllers\Dashboard.php(407): CodeIgniter\Database\BaseConnection->query('SELECT * FROM tbl_timesheet 
         WHERE timesheet_user_id = ? 
         AND timesheet_date BETWEEN ? AND ?', [...])
 3 APPPATH\Controllers\Dashboard.php(136): App\Controllers\Dashboard->getworkedRRAndGeneralWorks('GZ44', '2025-09-25', '2025-10-24')
 4 SYSTEMPATH\CodeIgniter.php(933): App\Controllers\Dashboard->dashboardDatas()
 5 SYSTEMPATH\CodeIgniter.php(509): CodeIgniter\CodeIgniter->runController(Object(App\Controllers\Dashboard))
 6 SYSTEMPATH\CodeIgniter.php(355): CodeIgniter\CodeIgniter->handleRequest(null, Object(Config\Cache), false)
 7 SYSTEMPATH\Boot.php(334): CodeIgniter\CodeIgniter->run()
 8 SYSTEMPATH\Boot.php(67): CodeIgniter\Boot::runCodeIgniter(Object(CodeIgniter\CodeIgniter))
 9 FCPATH\index.php(56): CodeIgniter\Boot::bootWeb(Object(Config\Paths))
DEBUG - 2025-09-26 05:33:52 --> Session: Class initialized using 'CodeIgniter\Session\Handlers\FileHandler' driver.
DEBUG - 2025-09-26 05:33:52 --> User IP: ::1
ERROR - 2025-09-26 05:33:53 --> Error connecting to the database: mysqli_sql_exception: Access denied for user 'u853418576_Test'@'160.20.106.107' (using password: YES) in C:\xampp\htdocs\gighz-people\system\Database\MySQLi\Connection.php:186
Stack trace:
#0 C:\xampp\htdocs\gighz-people\system\Database\MySQLi\Connection.php(186): mysqli->real_connect('srv827.hstgr.io', 'u853418576_Test', Object(SensitiveParameterValue), 'u853418576_Test', 3306, '', 0)
#1 C:\xampp\htdocs\gighz-people\system\Database\BaseConnection.php(421): CodeIgniter\Database\MySQLi\Connection->connect(false)
#2 C:\xampp\htdocs\gighz-people\system\Database\BaseConnection.php(616): CodeIgniter\Database\BaseConnection->initialize()
#3 C:\xampp\htdocs\gighz-people\app\Controllers\Dashboard.php(407): CodeIgniter\Database\BaseConnection->query('SELECT * FROM t...', Array)
#4 C:\xampp\htdocs\gighz-people\app\Controllers\Dashboard.php(136): App\Controllers\Dashboard->getworkedRRAndGeneralWorks('GZ44', '2025-09-25', '2025-10-24')
#5 C:\xampp\htdocs\gighz-people\system\CodeIgniter.php(933): App\Controllers\Dashboard->dashboardDatas()
#6 C:\xampp\htdocs\gighz-people\system\CodeIgniter.php(509): CodeIgniter\CodeIgniter->runController(Object(App\Controllers\Dashboard))
#7 C:\xampp\htdocs\gighz-people\system\CodeIgniter.php(355): CodeIgniter\CodeIgniter->handleRequest(NULL, Object(Config\Cache), false)
#8 C:\xampp\htdocs\gighz-people\system\Boot.php(334): CodeIgniter\CodeIgniter->run()
#9 C:\xampp\htdocs\gighz-people\system\Boot.php(67): CodeIgniter\Boot::runCodeIgniter(Object(CodeIgniter\CodeIgniter))
#10 C:\xampp\htdocs\gighz-people\public\index.php(56): CodeIgniter\Boot::bootWeb(Object(Config\Paths))
#11 {main}

Next CodeIgniter\Database\Exceptions\DatabaseException: Access denied for user '****'@'160.20.106.107' (using password: YES) in C:\xampp\htdocs\gighz-people\system\Database\MySQLi\Connection.php:231
Stack trace:
#0 C:\xampp\htdocs\gighz-people\system\Database\BaseConnection.php(421): CodeIgniter\Database\MySQLi\Connection->connect(false)
#1 C:\xampp\htdocs\gighz-people\system\Database\BaseConnection.php(616): CodeIgniter\Database\BaseConnection->initialize()
#2 C:\xampp\htdocs\gighz-people\app\Controllers\Dashboard.php(407): CodeIgniter\Database\BaseConnection->query('SELECT * FROM t...', Array)
#3 C:\xampp\htdocs\gighz-people\app\Controllers\Dashboard.php(136): App\Controllers\Dashboard->getworkedRRAndGeneralWorks('GZ44', '2025-09-25', '2025-10-24')
#4 C:\xampp\htdocs\gighz-people\system\CodeIgniter.php(933): App\Controllers\Dashboard->dashboardDatas()
#5 C:\xampp\htdocs\gighz-people\system\CodeIgniter.php(509): CodeIgniter\CodeIgniter->runController(Object(App\Controllers\Dashboard))
#6 C:\xampp\htdocs\gighz-people\system\CodeIgniter.php(355): CodeIgniter\CodeIgniter->handleRequest(NULL, Object(Config\Cache), false)
#7 C:\xampp\htdocs\gighz-people\system\Boot.php(334): CodeIgniter\CodeIgniter->run()
#8 C:\xampp\htdocs\gighz-people\system\Boot.php(67): CodeIgniter\Boot::runCodeIgniter(Object(CodeIgniter\CodeIgniter))
#9 C:\xampp\htdocs\gighz-people\public\index.php(56): CodeIgniter\Boot::bootWeb(Object(Config\Paths))
#10 {main}
CRITICAL - 2025-09-26 05:33:53 --> CodeIgniter\Database\Exceptions\DatabaseException: Unable to connect to the database.
Main connection [MySQLi]: Access denied for user '****'@'160.20.106.107' (using password: YES)
[Method: GET, Route: dashboard/dashboardDatas]
in SYSTEMPATH\Database\BaseConnection.php on line 467.
 1 SYSTEMPATH\Database\BaseConnection.php(616): CodeIgniter\Database\BaseConnection->initialize()
 2 APPPATH\Controllers\Dashboard.php(407): CodeIgniter\Database\BaseConnection->query('SELECT * FROM tbl_timesheet 
         WHERE timesheet_user_id = ? 
         AND timesheet_date BETWEEN ? AND ?', [...])
 3 APPPATH\Controllers\Dashboard.php(136): App\Controllers\Dashboard->getworkedRRAndGeneralWorks('GZ44', '2025-09-25', '2025-10-24')
 4 SYSTEMPATH\CodeIgniter.php(933): App\Controllers\Dashboard->dashboardDatas()
 5 SYSTEMPATH\CodeIgniter.php(509): CodeIgniter\CodeIgniter->runController(Object(App\Controllers\Dashboard))
 6 SYSTEMPATH\CodeIgniter.php(355): CodeIgniter\CodeIgniter->handleRequest(null, Object(Config\Cache), false)
 7 SYSTEMPATH\Boot.php(334): CodeIgniter\CodeIgniter->run()
 8 SYSTEMPATH\Boot.php(67): CodeIgniter\Boot::runCodeIgniter(Object(CodeIgniter\CodeIgniter))
 9 FCPATH\index.php(56): CodeIgniter\Boot::bootWeb(Object(Config\Paths))
DEBUG - 2025-09-26 05:36:40 --> Session: Class initialized using 'CodeIgniter\Session\Handlers\FileHandler' driver.
DEBUG - 2025-09-26 05:36:40 --> User IP: ::1
DEBUG - 2025-09-26 05:36:47 --> Session: Class initialized using 'CodeIgniter\Session\Handlers\FileHandler' driver.
DEBUG - 2025-09-26 05:36:47 --> User IP: ::1
ERROR - 2025-09-26 05:36:47 --> Error connecting to the database: mysqli_sql_exception: Access denied for user 'u853418576_Test'@'160.20.106.107' (using password: YES) in C:\xampp\htdocs\gighz-people\system\Database\MySQLi\Connection.php:186
Stack trace:
#0 C:\xampp\htdocs\gighz-people\system\Database\MySQLi\Connection.php(186): mysqli->real_connect('srv827.hstgr.io', 'u853418576_Test', Object(SensitiveParameterValue), 'u853418576_Test', 3306, '', 0)
#1 C:\xampp\htdocs\gighz-people\system\Database\BaseConnection.php(421): CodeIgniter\Database\MySQLi\Connection->connect(false)
#2 C:\xampp\htdocs\gighz-people\system\Database\BaseConnection.php(616): CodeIgniter\Database\BaseConnection->initialize()
#3 C:\xampp\htdocs\gighz-people\app\Controllers\Dashboard.php(407): CodeIgniter\Database\BaseConnection->query('SELECT * FROM t...', Array)
#4 C:\xampp\htdocs\gighz-people\app\Controllers\Dashboard.php(136): App\Controllers\Dashboard->getworkedRRAndGeneralWorks('GZ44', '2025-09-25', '2025-10-24')
#5 C:\xampp\htdocs\gighz-people\system\CodeIgniter.php(933): App\Controllers\Dashboard->dashboardDatas()
#6 C:\xampp\htdocs\gighz-people\system\CodeIgniter.php(509): CodeIgniter\CodeIgniter->runController(Object(App\Controllers\Dashboard))
#7 C:\xampp\htdocs\gighz-people\system\CodeIgniter.php(355): CodeIgniter\CodeIgniter->handleRequest(NULL, Object(Config\Cache), false)
#8 C:\xampp\htdocs\gighz-people\system\Boot.php(334): CodeIgniter\CodeIgniter->run()
#9 C:\xampp\htdocs\gighz-people\system\Boot.php(67): CodeIgniter\Boot::runCodeIgniter(Object(CodeIgniter\CodeIgniter))
#10 C:\xampp\htdocs\gighz-people\public\index.php(56): CodeIgniter\Boot::bootWeb(Object(Config\Paths))
#11 {main}

Next CodeIgniter\Database\Exceptions\DatabaseException: Access denied for user '****'@'160.20.106.107' (using password: YES) in C:\xampp\htdocs\gighz-people\system\Database\MySQLi\Connection.php:231
Stack trace:
#0 C:\xampp\htdocs\gighz-people\system\Database\BaseConnection.php(421): CodeIgniter\Database\MySQLi\Connection->connect(false)
#1 C:\xampp\htdocs\gighz-people\system\Database\BaseConnection.php(616): CodeIgniter\Database\BaseConnection->initialize()
#2 C:\xampp\htdocs\gighz-people\app\Controllers\Dashboard.php(407): CodeIgniter\Database\BaseConnection->query('SELECT * FROM t...', Array)
#3 C:\xampp\htdocs\gighz-people\app\Controllers\Dashboard.php(136): App\Controllers\Dashboard->getworkedRRAndGeneralWorks('GZ44', '2025-09-25', '2025-10-24')
#4 C:\xampp\htdocs\gighz-people\system\CodeIgniter.php(933): App\Controllers\Dashboard->dashboardDatas()
#5 C:\xampp\htdocs\gighz-people\system\CodeIgniter.php(509): CodeIgniter\CodeIgniter->runController(Object(App\Controllers\Dashboard))
#6 C:\xampp\htdocs\gighz-people\system\CodeIgniter.php(355): CodeIgniter\CodeIgniter->handleRequest(NULL, Object(Config\Cache), false)
#7 C:\xampp\htdocs\gighz-people\system\Boot.php(334): CodeIgniter\CodeIgniter->run()
#8 C:\xampp\htdocs\gighz-people\system\Boot.php(67): CodeIgniter\Boot::runCodeIgniter(Object(CodeIgniter\CodeIgniter))
#9 C:\xampp\htdocs\gighz-people\public\index.php(56): CodeIgniter\Boot::bootWeb(Object(Config\Paths))
#10 {main}
CRITICAL - 2025-09-26 05:36:47 --> CodeIgniter\Database\Exceptions\DatabaseException: Unable to connect to the database.
Main connection [MySQLi]: Access denied for user '****'@'160.20.106.107' (using password: YES)
[Method: POST, Route: dashboard/dashboardDatas]
in SYSTEMPATH\Database\BaseConnection.php on line 467.
 1 SYSTEMPATH\Database\BaseConnection.php(616): CodeIgniter\Database\BaseConnection->initialize()
 2 APPPATH\Controllers\Dashboard.php(407): CodeIgniter\Database\BaseConnection->query('SELECT * FROM tbl_timesheet 
         WHERE timesheet_user_id = ? 
         AND timesheet_date BETWEEN ? AND ?', [...])
 3 APPPATH\Controllers\Dashboard.php(136): App\Controllers\Dashboard->getworkedRRAndGeneralWorks('GZ44', '2025-09-25', '2025-10-24')
 4 SYSTEMPATH\CodeIgniter.php(933): App\Controllers\Dashboard->dashboardDatas()
 5 SYSTEMPATH\CodeIgniter.php(509): CodeIgniter\CodeIgniter->runController(Object(App\Controllers\Dashboard))
 6 SYSTEMPATH\CodeIgniter.php(355): CodeIgniter\CodeIgniter->handleRequest(null, Object(Config\Cache), false)
 7 SYSTEMPATH\Boot.php(334): CodeIgniter\CodeIgniter->run()
 8 SYSTEMPATH\Boot.php(67): CodeIgniter\Boot::runCodeIgniter(Object(CodeIgniter\CodeIgniter))
 9 FCPATH\index.php(56): CodeIgniter\Boot::bootWeb(Object(Config\Paths))
DEBUG - 2025-09-26 05:40:02 --> Session: Class initialized using 'CodeIgniter\Session\Handlers\FileHandler' driver.
DEBUG - 2025-09-26 05:40:02 --> User IP: ::1
DEBUG - 2025-09-26 05:40:03 --> Session: Class initialized using 'CodeIgniter\Session\Handlers\FileHandler' driver.
DEBUG - 2025-09-26 05:40:03 --> User IP: ::1
DEBUG - 2025-09-26 05:40:05 --> Session: Class initialized using 'CodeIgniter\Session\Handlers\FileHandler' driver.
DEBUG - 2025-09-26 05:40:05 --> User IP: ::1
DEBUG - 2025-09-26 05:40:24 --> Session: Class initialized using 'CodeIgniter\Session\Handlers\FileHandler' driver.
DEBUG - 2025-09-26 05:40:24 --> User IP: ::1
DEBUG - 2025-09-26 05:53:34 --> Session: Class initialized using 'CodeIgniter\Session\Handlers\FileHandler' driver.
DEBUG - 2025-09-26 05:53:34 --> User IP: ::1
DEBUG - 2025-09-26 05:53:34 --> Session: Class initialized using 'CodeIgniter\Session\Handlers\FileHandler' driver.
DEBUG - 2025-09-26 05:53:34 --> User IP: ::1
ERROR - 2025-09-26 05:53:35 --> Error connecting to the database: mysqli_sql_exception: Access denied for user 'u853418576_Test'@'160.20.106.107' (using password: YES) in C:\xampp\htdocs\gighz-people\system\Database\MySQLi\Connection.php:186
Stack trace:
#0 C:\xampp\htdocs\gighz-people\system\Database\MySQLi\Connection.php(186): mysqli->real_connect('srv827.hstgr.io', 'u853418576_Test', Object(SensitiveParameterValue), 'u853418576_Test', 3306, '', 0)
#1 C:\xampp\htdocs\gighz-people\system\Database\BaseConnection.php(421): CodeIgniter\Database\MySQLi\Connection->connect(false)
#2 C:\xampp\htdocs\gighz-people\system\Database\BaseConnection.php(616): CodeIgniter\Database\BaseConnection->initialize()
#3 C:\xampp\htdocs\gighz-people\app\Controllers\Dashboard.php(407): CodeIgniter\Database\BaseConnection->query('SELECT * FROM t...', Array)
#4 C:\xampp\htdocs\gighz-people\app\Controllers\Dashboard.php(136): App\Controllers\Dashboard->getworkedRRAndGeneralWorks('GZ44', '2025-09-25', '2025-10-24')
#5 C:\xampp\htdocs\gighz-people\system\CodeIgniter.php(933): App\Controllers\Dashboard->dashboardDatas()
#6 C:\xampp\htdocs\gighz-people\system\CodeIgniter.php(509): CodeIgniter\CodeIgniter->runController(Object(App\Controllers\Dashboard))
#7 C:\xampp\htdocs\gighz-people\system\CodeIgniter.php(355): CodeIgniter\CodeIgniter->handleRequest(NULL, Object(Config\Cache), false)
#8 C:\xampp\htdocs\gighz-people\system\Boot.php(334): CodeIgniter\CodeIgniter->run()
#9 C:\xampp\htdocs\gighz-people\system\Boot.php(67): CodeIgniter\Boot::runCodeIgniter(Object(CodeIgniter\CodeIgniter))
#10 C:\xampp\htdocs\gighz-people\public\index.php(56): CodeIgniter\Boot::bootWeb(Object(Config\Paths))
#11 {main}

Next CodeIgniter\Database\Exceptions\DatabaseException: Access denied for user '****'@'160.20.106.107' (using password: YES) in C:\xampp\htdocs\gighz-people\system\Database\MySQLi\Connection.php:231
Stack trace:
#0 C:\xampp\htdocs\gighz-people\system\Database\BaseConnection.php(421): CodeIgniter\Database\MySQLi\Connection->connect(false)
#1 C:\xampp\htdocs\gighz-people\system\Database\BaseConnection.php(616): CodeIgniter\Database\BaseConnection->initialize()
#2 C:\xampp\htdocs\gighz-people\app\Controllers\Dashboard.php(407): CodeIgniter\Database\BaseConnection->query('SELECT * FROM t...', Array)
#3 C:\xampp\htdocs\gighz-people\app\Controllers\Dashboard.php(136): App\Controllers\Dashboard->getworkedRRAndGeneralWorks('GZ44', '2025-09-25', '2025-10-24')
#4 C:\xampp\htdocs\gighz-people\system\CodeIgniter.php(933): App\Controllers\Dashboard->dashboardDatas()
#5 C:\xampp\htdocs\gighz-people\system\CodeIgniter.php(509): CodeIgniter\CodeIgniter->runController(Object(App\Controllers\Dashboard))
#6 C:\xampp\htdocs\gighz-people\system\CodeIgniter.php(355): CodeIgniter\CodeIgniter->handleRequest(NULL, Object(Config\Cache), false)
#7 C:\xampp\htdocs\gighz-people\system\Boot.php(334): CodeIgniter\CodeIgniter->run()
#8 C:\xampp\htdocs\gighz-people\system\Boot.php(67): CodeIgniter\Boot::runCodeIgniter(Object(CodeIgniter\CodeIgniter))
#9 C:\xampp\htdocs\gighz-people\public\index.php(56): CodeIgniter\Boot::bootWeb(Object(Config\Paths))
#10 {main}
CRITICAL - 2025-09-26 05:53:35 --> CodeIgniter\Database\Exceptions\DatabaseException: Unable to connect to the database.
Main connection [MySQLi]: Access denied for user '****'@'160.20.106.107' (using password: YES)
[Method: POST, Route: dashboard/dashboardDatas]
in SYSTEMPATH\Database\BaseConnection.php on line 467.
 1 SYSTEMPATH\Database\BaseConnection.php(616): CodeIgniter\Database\BaseConnection->initialize()
 2 APPPATH\Controllers\Dashboard.php(407): CodeIgniter\Database\BaseConnection->query('SELECT * FROM tbl_timesheet 
         WHERE timesheet_user_id = ? 
         AND timesheet_date BETWEEN ? AND ?', [...])
 3 APPPATH\Controllers\Dashboard.php(136): App\Controllers\Dashboard->getworkedRRAndGeneralWorks('GZ44', '2025-09-25', '2025-10-24')
 4 SYSTEMPATH\CodeIgniter.php(933): App\Controllers\Dashboard->dashboardDatas()
 5 SYSTEMPATH\CodeIgniter.php(509): CodeIgniter\CodeIgniter->runController(Object(App\Controllers\Dashboard))
 6 SYSTEMPATH\CodeIgniter.php(355): CodeIgniter\CodeIgniter->handleRequest(null, Object(Config\Cache), false)
 7 SYSTEMPATH\Boot.php(334): CodeIgniter\CodeIgniter->run()
 8 SYSTEMPATH\Boot.php(67): CodeIgniter\Boot::runCodeIgniter(Object(CodeIgniter\CodeIgniter))
 9 FCPATH\index.php(56): CodeIgniter\Boot::bootWeb(Object(Config\Paths))
DEBUG - 2025-09-26 05:53:37 --> Session: Class initialized using 'CodeIgniter\Session\Handlers\FileHandler' driver.
DEBUG - 2025-09-26 05:53:37 --> User IP: ::1
DEBUG - 2025-09-26 05:57:37 --> Session: Class initialized using 'CodeIgniter\Session\Handlers\FileHandler' driver.
DEBUG - 2025-09-26 05:57:37 --> User IP: ::1
DEBUG - 2025-09-26 05:59:44 --> Session: Class initialized using 'CodeIgniter\Session\Handlers\FileHandler' driver.
DEBUG - 2025-09-26 05:59:44 --> User IP: ::1
DEBUG - 2025-09-26 05:59:52 --> Session: Class initialized using 'CodeIgniter\Session\Handlers\FileHandler' driver.
DEBUG - 2025-09-26 05:59:52 --> User IP: ::1
DEBUG - 2025-09-26 06:00:10 --> Session: Class initialized using 'CodeIgniter\Session\Handlers\FileHandler' driver.
DEBUG - 2025-09-26 06:00:10 --> User IP: ::1
DEBUG - 2025-09-26 06:00:13 --> Session: Class initialized using 'CodeIgniter\Session\Handlers\FileHandler' driver.
DEBUG - 2025-09-26 06:00:13 --> User IP: ::1
DEBUG - 2025-09-26 06:00:14 --> Session: Class initialized using 'CodeIgniter\Session\Handlers\FileHandler' driver.
DEBUG - 2025-09-26 06:00:14 --> User IP: ::1
DEBUG - 2025-09-26 06:00:19 --> Session: Class initialized using 'CodeIgniter\Session\Handlers\FileHandler' driver.
DEBUG - 2025-09-26 06:00:19 --> User IP: ::1
DEBUG - 2025-09-26 06:00:21 --> Session: Class initialized using 'CodeIgniter\Session\Handlers\FileHandler' driver.
DEBUG - 2025-09-26 06:00:21 --> User IP: ::1
DEBUG - 2025-09-26 06:00:25 --> Session: Class initialized using 'CodeIgniter\Session\Handlers\FileHandler' driver.
DEBUG - 2025-09-26 06:00:25 --> User IP: ::1
DEBUG - 2025-09-26 06:01:19 --> Session: Class initialized using 'CodeIgniter\Session\Handlers\FileHandler' driver.
DEBUG - 2025-09-26 06:01:19 --> User IP: ::1
DEBUG - 2025-09-26 06:01:27 --> Session: Class initialized using 'CodeIgniter\Session\Handlers\FileHandler' driver.
DEBUG - 2025-09-26 06:01:27 --> User IP: ::1
DEBUG - 2025-09-26 06:01:33 --> Session: Class initialized using 'CodeIgniter\Session\Handlers\FileHandler' driver.
DEBUG - 2025-09-26 06:01:33 --> User IP: ::1
DEBUG - 2025-09-26 06:01:47 --> Session: Class initialized using 'CodeIgniter\Session\Handlers\FileHandler' driver.
DEBUG - 2025-09-26 06:01:47 --> User IP: ::1
DEBUG - 2025-09-26 06:02:44 --> Session: Class initialized using 'CodeIgniter\Session\Handlers\FileHandler' driver.
DEBUG - 2025-09-26 06:02:44 --> User IP: ::1
DEBUG - 2025-09-26 06:02:52 --> Session: Class initialized using 'CodeIgniter\Session\Handlers\FileHandler' driver.
DEBUG - 2025-09-26 06:02:52 --> User IP: ::1
DEBUG - 2025-09-26 06:03:57 --> Session: Class initialized using 'CodeIgniter\Session\Handlers\FileHandler' driver.
DEBUG - 2025-09-26 06:03:57 --> User IP: ::1
DEBUG - 2025-09-26 06:03:59 --> Session: Class initialized using 'CodeIgniter\Session\Handlers\FileHandler' driver.
DEBUG - 2025-09-26 06:03:59 --> User IP: ::1
DEBUG - 2025-09-26 06:04:04 --> Session: Class initialized using 'CodeIgniter\Session\Handlers\FileHandler' driver.
DEBUG - 2025-09-26 06:04:04 --> User IP: ::1
DEBUG - 2025-09-26 06:05:33 --> Session: Class initialized using 'CodeIgniter\Session\Handlers\FileHandler' driver.
DEBUG - 2025-09-26 06:05:33 --> User IP: ::1
DEBUG - 2025-09-26 06:05:37 --> Session: Class initialized using 'CodeIgniter\Session\Handlers\FileHandler' driver.
DEBUG - 2025-09-26 06:05:37 --> User IP: ::1
DEBUG - 2025-09-26 06:05:41 --> Session: Class initialized using 'CodeIgniter\Session\Handlers\FileHandler' driver.
DEBUG - 2025-09-26 06:05:41 --> User IP: ::1
DEBUG - 2025-09-26 06:05:42 --> Session: Class initialized using 'CodeIgniter\Session\Handlers\FileHandler' driver.
DEBUG - 2025-09-26 06:05:42 --> User IP: ::1
DEBUG - 2025-09-26 06:05:46 --> Session: Class initialized using 'CodeIgniter\Session\Handlers\FileHandler' driver.
DEBUG - 2025-09-26 06:05:46 --> User IP: ::1
DEBUG - 2025-09-26 06:07:18 --> Session: Class initialized using 'CodeIgniter\Session\Handlers\FileHandler' driver.
DEBUG - 2025-09-26 06:07:18 --> User IP: ::1
DEBUG - 2025-09-26 06:07:33 --> Session: Class initialized using 'CodeIgniter\Session\Handlers\FileHandler' driver.
DEBUG - 2025-09-26 06:07:33 --> User IP: ::1
DEBUG - 2025-09-26 06:08:30 --> Session: Class initialized using 'CodeIgniter\Session\Handlers\FileHandler' driver.
DEBUG - 2025-09-26 06:08:30 --> User IP: ::1
DEBUG - 2025-09-26 06:10:34 --> Session: Class initialized using 'CodeIgniter\Session\Handlers\FileHandler' driver.
DEBUG - 2025-09-26 06:10:34 --> User IP: ::1
DEBUG - 2025-09-26 06:11:53 --> Session: Class initialized using 'CodeIgniter\Session\Handlers\FileHandler' driver.
DEBUG - 2025-09-26 06:11:53 --> User IP: ::1
DEBUG - 2025-09-26 06:13:37 --> Session: Class initialized using 'CodeIgniter\Session\Handlers\FileHandler' driver.
DEBUG - 2025-09-26 06:13:37 --> User IP: ::1
DEBUG - 2025-09-26 06:15:28 --> Session: Class initialized using 'CodeIgniter\Session\Handlers\FileHandler' driver.
DEBUG - 2025-09-26 06:15:28 --> User IP: ::1
DEBUG - 2025-09-26 06:15:35 --> Session: Class initialized using 'CodeIgniter\Session\Handlers\FileHandler' driver.
DEBUG - 2025-09-26 06:15:35 --> User IP: ::1
DEBUG - 2025-09-26 06:16:07 --> Session: Class initialized using 'CodeIgniter\Session\Handlers\FileHandler' driver.
DEBUG - 2025-09-26 06:16:07 --> User IP: ::1
DEBUG - 2025-09-26 06:16:10 --> Session: Class initialized using 'CodeIgniter\Session\Handlers\FileHandler' driver.
DEBUG - 2025-09-26 06:16:10 --> User IP: ::1
DEBUG - 2025-09-26 06:16:41 --> Session: Class initialized using 'CodeIgniter\Session\Handlers\FileHandler' driver.
DEBUG - 2025-09-26 06:16:41 --> User IP: ::1
DEBUG - 2025-09-26 06:17:21 --> Session: Class initialized using 'CodeIgniter\Session\Handlers\FileHandler' driver.
DEBUG - 2025-09-26 06:17:21 --> User IP: ::1
DEBUG - 2025-09-26 06:17:53 --> Session: Class initialized using 'CodeIgniter\Session\Handlers\FileHandler' driver.
DEBUG - 2025-09-26 06:17:53 --> User IP: ::1
DEBUG - 2025-09-26 06:19:10 --> Session: Class initialized using 'CodeIgniter\Session\Handlers\FileHandler' driver.
DEBUG - 2025-09-26 06:19:10 --> User IP: ::1
DEBUG - 2025-09-26 06:19:15 --> Session: Class initialized using 'CodeIgniter\Session\Handlers\FileHandler' driver.
DEBUG - 2025-09-26 06:19:15 --> User IP: ::1
DEBUG - 2025-09-26 06:19:19 --> Session: Class initialized using 'CodeIgniter\Session\Handlers\FileHandler' driver.
DEBUG - 2025-09-26 06:19:19 --> User IP: ::1
DEBUG - 2025-09-26 06:19:21 --> Session: Class initialized using 'CodeIgniter\Session\Handlers\FileHandler' driver.
DEBUG - 2025-09-26 06:19:21 --> User IP: ::1
DEBUG - 2025-09-26 06:20:50 --> Session: Class initialized using 'CodeIgniter\Session\Handlers\FileHandler' driver.
DEBUG - 2025-09-26 06:20:50 --> User IP: ::1
DEBUG - 2025-09-26 06:20:52 --> Session: Class initialized using 'CodeIgniter\Session\Handlers\FileHandler' driver.
DEBUG - 2025-09-26 06:20:52 --> User IP: ::1
DEBUG - 2025-09-26 06:22:04 --> Session: Class initialized using 'CodeIgniter\Session\Handlers\FileHandler' driver.
DEBUG - 2025-09-26 06:22:04 --> User IP: ::1
DEBUG - 2025-09-26 06:22:27 --> Session: Class initialized using 'CodeIgniter\Session\Handlers\FileHandler' driver.
DEBUG - 2025-09-26 06:22:27 --> User IP: ::1
DEBUG - 2025-09-26 06:22:41 --> Session: Class initialized using 'CodeIgniter\Session\Handlers\FileHandler' driver.
DEBUG - 2025-09-26 06:22:41 --> User IP: ::1
DEBUG - 2025-09-26 06:22:44 --> Session: Class initialized using 'CodeIgniter\Session\Handlers\FileHandler' driver.
DEBUG - 2025-09-26 06:22:44 --> User IP: ::1
DEBUG - 2025-09-26 06:23:10 --> Session: Class initialized using 'CodeIgniter\Session\Handlers\FileHandler' driver.
DEBUG - 2025-09-26 06:23:10 --> User IP: ::1
DEBUG - 2025-09-26 06:23:12 --> Session: Class initialized using 'CodeIgniter\Session\Handlers\FileHandler' driver.
DEBUG - 2025-09-26 06:23:12 --> User IP: ::1
DEBUG - 2025-09-26 06:23:36 --> Session: Class initialized using 'CodeIgniter\Session\Handlers\FileHandler' driver.
DEBUG - 2025-09-26 06:23:36 --> User IP: ::1
DEBUG - 2025-09-26 06:23:53 --> Session: Class initialized using 'CodeIgniter\Session\Handlers\FileHandler' driver.
DEBUG - 2025-09-26 06:23:53 --> User IP: ::1
DEBUG - 2025-09-26 06:23:55 --> Session: Class initialized using 'CodeIgniter\Session\Handlers\FileHandler' driver.
DEBUG - 2025-09-26 06:23:55 --> User IP: ::1
DEBUG - 2025-09-26 06:24:20 --> Session: Class initialized using 'CodeIgniter\Session\Handlers\FileHandler' driver.
DEBUG - 2025-09-26 06:24:20 --> User IP: ::1
DEBUG - 2025-09-26 06:24:49 --> Session: Class initialized using 'CodeIgniter\Session\Handlers\FileHandler' driver.
DEBUG - 2025-09-26 06:24:49 --> User IP: ::1
DEBUG - 2025-09-26 06:25:39 --> Session: Class initialized using 'CodeIgniter\Session\Handlers\FileHandler' driver.
DEBUG - 2025-09-26 06:25:39 --> User IP: ::1
DEBUG - 2025-09-26 06:26:04 --> Session: Class initialized using 'CodeIgniter\Session\Handlers\FileHandler' driver.
DEBUG - 2025-09-26 06:26:04 --> User IP: ::1
DEBUG - 2025-09-26 06:26:24 --> Session: Class initialized using 'CodeIgniter\Session\Handlers\FileHandler' driver.
DEBUG - 2025-09-26 06:26:24 --> User IP: ::1
DEBUG - 2025-09-26 06:26:26 --> Session: Class initialized using 'CodeIgniter\Session\Handlers\FileHandler' driver.
DEBUG - 2025-09-26 06:26:26 --> User IP: ::1
DEBUG - 2025-09-26 06:26:39 --> Session: Class initialized using 'CodeIgniter\Session\Handlers\FileHandler' driver.
DEBUG - 2025-09-26 06:26:39 --> User IP: ::1
DEBUG - 2025-09-26 06:26:41 --> Session: Class initialized using 'CodeIgniter\Session\Handlers\FileHandler' driver.
DEBUG - 2025-09-26 06:26:41 --> User IP: ::1
DEBUG - 2025-09-26 06:26:46 --> Session: Class initialized using 'CodeIgniter\Session\Handlers\FileHandler' driver.
DEBUG - 2025-09-26 06:26:46 --> User IP: ::1
DEBUG - 2025-09-26 06:26:59 --> Session: Class initialized using 'CodeIgniter\Session\Handlers\FileHandler' driver.
DEBUG - 2025-09-26 06:26:59 --> User IP: ::1
DEBUG - 2025-09-26 06:27:03 --> Session: Class initialized using 'CodeIgniter\Session\Handlers\FileHandler' driver.
DEBUG - 2025-09-26 06:27:03 --> User IP: ::1
DEBUG - 2025-09-26 06:28:34 --> Session: Class initialized using 'CodeIgniter\Session\Handlers\FileHandler' driver.
DEBUG - 2025-09-26 06:28:34 --> User IP: ::1
DEBUG - 2025-09-26 06:28:40 --> Session: Class initialized using 'CodeIgniter\Session\Handlers\FileHandler' driver.
DEBUG - 2025-09-26 06:28:40 --> User IP: ::1
DEBUG - 2025-09-26 06:28:53 --> Session: Class initialized using 'CodeIgniter\Session\Handlers\FileHandler' driver.
DEBUG - 2025-09-26 06:28:53 --> User IP: ::1
DEBUG - 2025-09-26 06:29:39 --> Session: Class initialized using 'CodeIgniter\Session\Handlers\FileHandler' driver.
DEBUG - 2025-09-26 06:29:39 --> User IP: ::1
DEBUG - 2025-09-26 06:30:19 --> Session: Class initialized using 'CodeIgniter\Session\Handlers\FileHandler' driver.
DEBUG - 2025-09-26 06:30:19 --> User IP: ::1
DEBUG - 2025-09-26 06:31:06 --> Session: Class initialized using 'CodeIgniter\Session\Handlers\FileHandler' driver.
DEBUG - 2025-09-26 06:31:06 --> User IP: ::1
DEBUG - 2025-09-26 06:31:36 --> Session: Class initialized using 'CodeIgniter\Session\Handlers\FileHandler' driver.
DEBUG - 2025-09-26 06:31:36 --> User IP: ::1
DEBUG - 2025-09-26 06:33:40 --> Session: Class initialized using 'CodeIgniter\Session\Handlers\FileHandler' driver.
DEBUG - 2025-09-26 06:33:40 --> User IP: ::1
DEBUG - 2025-09-26 06:34:12 --> Session: Class initialized using 'CodeIgniter\Session\Handlers\FileHandler' driver.
DEBUG - 2025-09-26 06:34:12 --> User IP: ::1
DEBUG - 2025-09-26 06:34:25 --> Session: Class initialized using 'CodeIgniter\Session\Handlers\FileHandler' driver.
DEBUG - 2025-09-26 06:34:25 --> User IP: ::1
DEBUG - 2025-09-26 06:34:51 --> Session: Class initialized using 'CodeIgniter\Session\Handlers\FileHandler' driver.
DEBUG - 2025-09-26 06:34:51 --> User IP: ::1
DEBUG - 2025-09-26 06:34:53 --> Session: Class initialized using 'CodeIgniter\Session\Handlers\FileHandler' driver.
DEBUG - 2025-09-26 06:34:53 --> User IP: ::1
DEBUG - 2025-09-26 06:35:43 --> Session: Class initialized using 'CodeIgniter\Session\Handlers\FileHandler' driver.
DEBUG - 2025-09-26 06:35:43 --> User IP: ::1
DEBUG - 2025-09-26 06:36:08 --> Session: Class initialized using 'CodeIgniter\Session\Handlers\FileHandler' driver.
DEBUG - 2025-09-26 06:36:08 --> User IP: ::1
DEBUG - 2025-09-26 06:36:20 --> Session: Class initialized using 'CodeIgniter\Session\Handlers\FileHandler' driver.
DEBUG - 2025-09-26 06:36:20 --> User IP: ::1
DEBUG - 2025-09-26 06:36:46 --> Session: Class initialized using 'CodeIgniter\Session\Handlers\FileHandler' driver.
DEBUG - 2025-09-26 06:36:46 --> User IP: ::1
DEBUG - 2025-09-26 06:36:56 --> Session: Class initialized using 'CodeIgniter\Session\Handlers\FileHandler' driver.
DEBUG - 2025-09-26 06:36:56 --> User IP: ::1
DEBUG - 2025-09-26 06:37:05 --> Session: Class initialized using 'CodeIgniter\Session\Handlers\FileHandler' driver.
DEBUG - 2025-09-26 06:37:06 --> User IP: ::1
DEBUG - 2025-09-26 06:37:10 --> Session: Class initialized using 'CodeIgniter\Session\Handlers\FileHandler' driver.
DEBUG - 2025-09-26 06:37:10 --> User IP: ::1
DEBUG - 2025-09-26 06:37:42 --> Session: Class initialized using 'CodeIgniter\Session\Handlers\FileHandler' driver.
DEBUG - 2025-09-26 06:37:42 --> User IP: ::1
DEBUG - 2025-09-26 06:38:01 --> Session: Class initialized using 'CodeIgniter\Session\Handlers\FileHandler' driver.
DEBUG - 2025-09-26 06:38:01 --> User IP: ::1
DEBUG - 2025-09-26 06:38:06 --> Session: Class initialized using 'CodeIgniter\Session\Handlers\FileHandler' driver.
DEBUG - 2025-09-26 06:38:06 --> User IP: ::1
DEBUG - 2025-09-26 06:38:13 --> Session: Class initialized using 'CodeIgniter\Session\Handlers\FileHandler' driver.
DEBUG - 2025-09-26 06:38:13 --> User IP: ::1
DEBUG - 2025-09-26 06:39:00 --> Session: Class initialized using 'CodeIgniter\Session\Handlers\FileHandler' driver.
DEBUG - 2025-09-26 06:39:00 --> User IP: ::1
DEBUG - 2025-09-26 06:39:11 --> Session: Class initialized using 'CodeIgniter\Session\Handlers\FileHandler' driver.
DEBUG - 2025-09-26 06:39:11 --> User IP: ::1
DEBUG - 2025-09-26 06:39:19 --> Session: Class initialized using 'CodeIgniter\Session\Handlers\FileHandler' driver.
DEBUG - 2025-09-26 06:39:19 --> User IP: ::1
DEBUG - 2025-09-26 06:39:34 --> Session: Class initialized using 'CodeIgniter\Session\Handlers\FileHandler' driver.
DEBUG - 2025-09-26 06:39:34 --> User IP: ::1
DEBUG - 2025-09-26 06:43:37 --> Session: Class initialized using 'CodeIgniter\Session\Handlers\FileHandler' driver.
DEBUG - 2025-09-26 06:43:37 --> User IP: ::1
DEBUG - 2025-09-26 06:43:45 --> Session: Class initialized using 'CodeIgniter\Session\Handlers\FileHandler' driver.
DEBUG - 2025-09-26 06:43:45 --> User IP: ::1
DEBUG - 2025-09-26 06:44:52 --> Session: Class initialized using 'CodeIgniter\Session\Handlers\FileHandler' driver.
DEBUG - 2025-09-26 06:44:52 --> User IP: ::1
DEBUG - 2025-09-26 06:45:20 --> Session: Class initialized using 'CodeIgniter\Session\Handlers\FileHandler' driver.
DEBUG - 2025-09-26 06:45:20 --> User IP: ::1
DEBUG - 2025-09-26 06:45:54 --> Session: Class initialized using 'CodeIgniter\Session\Handlers\FileHandler' driver.
DEBUG - 2025-09-26 06:45:54 --> User IP: ::1
DEBUG - 2025-09-26 06:45:57 --> Session: Class initialized using 'CodeIgniter\Session\Handlers\FileHandler' driver.
DEBUG - 2025-09-26 06:45:57 --> User IP: ::1
DEBUG - 2025-09-26 06:46:00 --> Session: Class initialized using 'CodeIgniter\Session\Handlers\FileHandler' driver.
DEBUG - 2025-09-26 06:46:00 --> User IP: ::1
DEBUG - 2025-09-26 06:46:16 --> Session: Class initialized using 'CodeIgniter\Session\Handlers\FileHandler' driver.
DEBUG - 2025-09-26 06:46:16 --> User IP: ::1
DEBUG - 2025-09-26 06:46:18 --> Session: Class initialized using 'CodeIgniter\Session\Handlers\FileHandler' driver.
DEBUG - 2025-09-26 06:46:18 --> User IP: ::1
DEBUG - 2025-09-26 06:46:22 --> Session: Class initialized using 'CodeIgniter\Session\Handlers\FileHandler' driver.
DEBUG - 2025-09-26 06:46:22 --> User IP: ::1
DEBUG - 2025-09-26 06:46:35 --> Session: Class initialized using 'CodeIgniter\Session\Handlers\FileHandler' driver.
DEBUG - 2025-09-26 06:46:35 --> User IP: ::1
DEBUG - 2025-09-26 06:48:00 --> Session: Class initialized using 'CodeIgniter\Session\Handlers\FileHandler' driver.
DEBUG - 2025-09-26 06:48:00 --> User IP: ::1
DEBUG - 2025-09-26 06:48:18 --> Session: Class initialized using 'CodeIgniter\Session\Handlers\FileHandler' driver.
DEBUG - 2025-09-26 06:48:18 --> User IP: ::1
DEBUG - 2025-09-26 06:49:00 --> Session: Class initialized using 'CodeIgniter\Session\Handlers\FileHandler' driver.
DEBUG - 2025-09-26 06:49:00 --> User IP: ::1
DEBUG - 2025-09-26 06:49:25 --> Session: Class initialized using 'CodeIgniter\Session\Handlers\FileHandler' driver.
DEBUG - 2025-09-26 06:49:25 --> User IP: ::1
DEBUG - 2025-09-26 06:55:00 --> Session: Class initialized using 'CodeIgniter\Session\Handlers\FileHandler' driver.
DEBUG - 2025-09-26 06:55:00 --> User IP: ::1
DEBUG - 2025-09-26 06:55:04 --> Session: Class initialized using 'CodeIgniter\Session\Handlers\FileHandler' driver.
DEBUG - 2025-09-26 06:55:04 --> User IP: ::1
DEBUG - 2025-09-26 06:56:26 --> Session: Class initialized using 'CodeIgniter\Session\Handlers\FileHandler' driver.
DEBUG - 2025-09-26 06:56:26 --> User IP: ::1
DEBUG - 2025-09-26 06:56:31 --> Session: Class initialized using 'CodeIgniter\Session\Handlers\FileHandler' driver.
DEBUG - 2025-09-26 06:56:31 --> User IP: ::1
DEBUG - 2025-09-26 06:57:00 --> Session: Class initialized using 'CodeIgniter\Session\Handlers\FileHandler' driver.
DEBUG - 2025-09-26 06:57:00 --> User IP: ::1
DEBUG - 2025-09-26 06:57:00 --> Session: Class initialized using 'CodeIgniter\Session\Handlers\FileHandler' driver.
DEBUG - 2025-09-26 06:57:00 --> User IP: ::1
DEBUG - 2025-09-26 06:57:06 --> Session: Class initialized using 'CodeIgniter\Session\Handlers\FileHandler' driver.
DEBUG - 2025-09-26 06:57:06 --> User IP: ::1
DEBUG - 2025-09-26 06:57:07 --> Session: Class initialized using 'CodeIgniter\Session\Handlers\FileHandler' driver.
DEBUG - 2025-09-26 06:57:07 --> User IP: ::1
DEBUG - 2025-09-26 06:58:11 --> Session: Class initialized using 'CodeIgniter\Session\Handlers\FileHandler' driver.
DEBUG - 2025-09-26 06:58:11 --> User IP: ::1
DEBUG - 2025-09-26 06:58:16 --> Session: Class initialized using 'CodeIgniter\Session\Handlers\FileHandler' driver.
DEBUG - 2025-09-26 06:58:16 --> User IP: ::1
DEBUG - 2025-09-26 06:58:58 --> Session: Class initialized using 'CodeIgniter\Session\Handlers\FileHandler' driver.
DEBUG - 2025-09-26 06:58:58 --> User IP: ::1
DEBUG - 2025-09-26 06:59:03 --> Session: Class initialized using 'CodeIgniter\Session\Handlers\FileHandler' driver.
DEBUG - 2025-09-26 06:59:03 --> User IP: ::1
DEBUG - 2025-09-26 06:59:38 --> Session: Class initialized using 'CodeIgniter\Session\Handlers\FileHandler' driver.
DEBUG - 2025-09-26 06:59:38 --> User IP: ::1
DEBUG - 2025-09-26 06:59:42 --> Session: Class initialized using 'CodeIgniter\Session\Handlers\FileHandler' driver.
DEBUG - 2025-09-26 06:59:42 --> User IP: ::1
DEBUG - 2025-09-26 07:00:41 --> Session: Class initialized using 'CodeIgniter\Session\Handlers\FileHandler' driver.
DEBUG - 2025-09-26 07:00:41 --> User IP: ::1
DEBUG - 2025-09-26 07:00:53 --> Session: Class initialized using 'CodeIgniter\Session\Handlers\FileHandler' driver.
DEBUG - 2025-09-26 07:00:53 --> User IP: ::1
DEBUG - 2025-09-26 07:03:11 --> Session: Class initialized using 'CodeIgniter\Session\Handlers\FileHandler' driver.
DEBUG - 2025-09-26 07:03:11 --> User IP: ::1
DEBUG - 2025-09-26 07:03:16 --> Session: Class initialized using 'CodeIgniter\Session\Handlers\FileHandler' driver.
DEBUG - 2025-09-26 07:03:16 --> User IP: ::1
DEBUG - 2025-09-26 07:04:23 --> Session: Class initialized using 'CodeIgniter\Session\Handlers\FileHandler' driver.
DEBUG - 2025-09-26 07:04:23 --> User IP: ::1
DEBUG - 2025-09-26 07:04:24 --> Session: Class initialized using 'CodeIgniter\Session\Handlers\FileHandler' driver.
DEBUG - 2025-09-26 07:04:24 --> User IP: ::1
DEBUG - 2025-09-26 07:04:34 --> Session: Class initialized using 'CodeIgniter\Session\Handlers\FileHandler' driver.
DEBUG - 2025-09-26 07:04:34 --> User IP: ::1
DEBUG - 2025-09-26 07:04:35 --> Session: Class initialized using 'CodeIgniter\Session\Handlers\FileHandler' driver.
DEBUG - 2025-09-26 07:04:35 --> User IP: ::1
DEBUG - 2025-09-26 07:04:43 --> Session: Class initialized using 'CodeIgniter\Session\Handlers\FileHandler' driver.
DEBUG - 2025-09-26 07:04:43 --> User IP: ::1
DEBUG - 2025-09-26 07:04:44 --> Session: Class initialized using 'CodeIgniter\Session\Handlers\FileHandler' driver.
DEBUG - 2025-09-26 07:04:44 --> User IP: ::1
DEBUG - 2025-09-26 07:04:58 --> Session: Class initialized using 'CodeIgniter\Session\Handlers\FileHandler' driver.
DEBUG - 2025-09-26 07:04:58 --> User IP: ::1
DEBUG - 2025-09-26 07:04:59 --> Session: Class initialized using 'CodeIgniter\Session\Handlers\FileHandler' driver.
DEBUG - 2025-09-26 07:04:59 --> User IP: ::1
DEBUG - 2025-09-26 07:05:11 --> Session: Class initialized using 'CodeIgniter\Session\Handlers\FileHandler' driver.
DEBUG - 2025-09-26 07:05:11 --> User IP: ::1
DEBUG - 2025-09-26 07:05:12 --> Session: Class initialized using 'CodeIgniter\Session\Handlers\FileHandler' driver.
DEBUG - 2025-09-26 07:05:12 --> User IP: ::1
DEBUG - 2025-09-26 07:05:20 --> Session: Class initialized using 'CodeIgniter\Session\Handlers\FileHandler' driver.
DEBUG - 2025-09-26 07:05:20 --> User IP: ::1
DEBUG - 2025-09-26 07:05:21 --> Session: Class initialized using 'CodeIgniter\Session\Handlers\FileHandler' driver.
DEBUG - 2025-09-26 07:05:21 --> User IP: ::1
DEBUG - 2025-09-26 07:05:30 --> Session: Class initialized using 'CodeIgniter\Session\Handlers\FileHandler' driver.
DEBUG - 2025-09-26 07:05:30 --> User IP: ::1
DEBUG - 2025-09-26 07:05:31 --> Session: Class initialized using 'CodeIgniter\Session\Handlers\FileHandler' driver.
DEBUG - 2025-09-26 07:05:31 --> User IP: ::1
DEBUG - 2025-09-26 07:05:36 --> Session: Class initialized using 'CodeIgniter\Session\Handlers\FileHandler' driver.
DEBUG - 2025-09-26 07:05:36 --> User IP: ::1
DEBUG - 2025-09-26 07:05:37 --> Session: Class initialized using 'CodeIgniter\Session\Handlers\FileHandler' driver.
DEBUG - 2025-09-26 07:05:37 --> User IP: ::1
DEBUG - 2025-09-26 07:05:42 --> Session: Class initialized using 'CodeIgniter\Session\Handlers\FileHandler' driver.
DEBUG - 2025-09-26 07:05:42 --> User IP: ::1
DEBUG - 2025-09-26 07:05:43 --> Session: Class initialized using 'CodeIgniter\Session\Handlers\FileHandler' driver.
DEBUG - 2025-09-26 07:05:43 --> User IP: ::1
DEBUG - 2025-09-26 07:06:01 --> Session: Class initialized using 'CodeIgniter\Session\Handlers\FileHandler' driver.
DEBUG - 2025-09-26 07:06:01 --> User IP: ::1
DEBUG - 2025-09-26 07:06:01 --> Session: Class initialized using 'CodeIgniter\Session\Handlers\FileHandler' driver.
DEBUG - 2025-09-26 07:06:01 --> User IP: ::1
DEBUG - 2025-09-26 07:06:13 --> Session: Class initialized using 'CodeIgniter\Session\Handlers\FileHandler' driver.
DEBUG - 2025-09-26 07:06:13 --> User IP: ::1
DEBUG - 2025-09-26 07:06:13 --> Session: Class initialized using 'CodeIgniter\Session\Handlers\FileHandler' driver.
DEBUG - 2025-09-26 07:06:13 --> User IP: ::1
DEBUG - 2025-09-26 07:07:24 --> Session: Class initialized using 'CodeIgniter\Session\Handlers\FileHandler' driver.
DEBUG - 2025-09-26 07:07:24 --> User IP: ::1
DEBUG - 2025-09-26 07:07:25 --> Session: Class initialized using 'CodeIgniter\Session\Handlers\FileHandler' driver.
DEBUG - 2025-09-26 07:07:25 --> User IP: ::1
DEBUG - 2025-09-26 07:08:48 --> Session: Class initialized using 'CodeIgniter\Session\Handlers\FileHandler' driver.
DEBUG - 2025-09-26 07:08:48 --> User IP: ::1
DEBUG - 2025-09-26 07:08:49 --> Session: Class initialized using 'CodeIgniter\Session\Handlers\FileHandler' driver.
DEBUG - 2025-09-26 07:08:49 --> User IP: ::1
DEBUG - 2025-09-26 07:08:53 --> Session: Class initialized using 'CodeIgniter\Session\Handlers\FileHandler' driver.
DEBUG - 2025-09-26 07:08:53 --> User IP: ::1
DEBUG - 2025-09-26 07:08:54 --> Session: Class initialized using 'CodeIgniter\Session\Handlers\FileHandler' driver.
DEBUG - 2025-09-26 07:08:54 --> User IP: ::1
DEBUG - 2025-09-26 07:09:18 --> Session: Class initialized using 'CodeIgniter\Session\Handlers\FileHandler' driver.
DEBUG - 2025-09-26 07:09:18 --> User IP: ::1
DEBUG - 2025-09-26 07:09:30 --> Session: Class initialized using 'CodeIgniter\Session\Handlers\FileHandler' driver.
DEBUG - 2025-09-26 07:09:30 --> User IP: ::1
DEBUG - 2025-09-26 07:10:28 --> Session: Class initialized using 'CodeIgniter\Session\Handlers\FileHandler' driver.
DEBUG - 2025-09-26 07:10:28 --> User IP: ::1
DEBUG - 2025-09-26 07:10:28 --> Session: Class initialized using 'CodeIgniter\Session\Handlers\FileHandler' driver.
DEBUG - 2025-09-26 07:10:28 --> User IP: ::1
DEBUG - 2025-09-26 07:11:23 --> Session: Class initialized using 'CodeIgniter\Session\Handlers\FileHandler' driver.
DEBUG - 2025-09-26 07:11:23 --> User IP: ::1
DEBUG - 2025-09-26 07:11:24 --> Session: Class initialized using 'CodeIgniter\Session\Handlers\FileHandler' driver.
DEBUG - 2025-09-26 07:11:24 --> User IP: ::1
DEBUG - 2025-09-26 07:11:28 --> Session: Class initialized using 'CodeIgniter\Session\Handlers\FileHandler' driver.
DEBUG - 2025-09-26 07:11:28 --> User IP: ::1
DEBUG - 2025-09-26 07:11:29 --> Session: Class initialized using 'CodeIgniter\Session\Handlers\FileHandler' driver.
DEBUG - 2025-09-26 07:11:29 --> User IP: ::1
DEBUG - 2025-09-26 07:11:34 --> Session: Class initialized using 'CodeIgniter\Session\Handlers\FileHandler' driver.
DEBUG - 2025-09-26 07:11:34 --> User IP: ::1
DEBUG - 2025-09-26 07:11:46 --> Session: Class initialized using 'CodeIgniter\Session\Handlers\FileHandler' driver.
DEBUG - 2025-09-26 07:11:46 --> User IP: ::1
DEBUG - 2025-09-26 07:12:00 --> Session: Class initialized using 'CodeIgniter\Session\Handlers\FileHandler' driver.
DEBUG - 2025-09-26 07:12:00 --> User IP: ::1
DEBUG - 2025-09-26 07:12:03 --> Session: Class initialized using 'CodeIgniter\Session\Handlers\FileHandler' driver.
DEBUG - 2025-09-26 07:12:03 --> User IP: ::1
DEBUG - 2025-09-26 07:12:16 --> Session: Class initialized using 'CodeIgniter\Session\Handlers\FileHandler' driver.
DEBUG - 2025-09-26 07:12:16 --> User IP: ::1
DEBUG - 2025-09-26 07:12:17 --> Session: Class initialized using 'CodeIgniter\Session\Handlers\FileHandler' driver.
DEBUG - 2025-09-26 07:12:17 --> User IP: ::1
DEBUG - 2025-09-26 07:14:05 --> Session: Class initialized using 'CodeIgniter\Session\Handlers\FileHandler' driver.
DEBUG - 2025-09-26 07:14:05 --> User IP: ::1
DEBUG - 2025-09-26 07:15:34 --> Session: Class initialized using 'CodeIgniter\Session\Handlers\FileHandler' driver.
DEBUG - 2025-09-26 07:15:34 --> User IP: ::1
DEBUG - 2025-09-26 07:15:35 --> Session: Class initialized using 'CodeIgniter\Session\Handlers\FileHandler' driver.
DEBUG - 2025-09-26 07:15:35 --> User IP: ::1
DEBUG - 2025-09-26 07:16:47 --> Session: Class initialized using 'CodeIgniter\Session\Handlers\FileHandler' driver.
DEBUG - 2025-09-26 07:16:47 --> User IP: ::1
DEBUG - 2025-09-26 07:16:48 --> Session: Class initialized using 'CodeIgniter\Session\Handlers\FileHandler' driver.
DEBUG - 2025-09-26 07:16:48 --> User IP: ::1
DEBUG - 2025-09-26 07:17:09 --> Session: Class initialized using 'CodeIgniter\Session\Handlers\FileHandler' driver.
DEBUG - 2025-09-26 07:17:09 --> User IP: ::1
DEBUG - 2025-09-26 07:17:09 --> Session: Class initialized using 'CodeIgniter\Session\Handlers\FileHandler' driver.
DEBUG - 2025-09-26 07:17:09 --> User IP: ::1
DEBUG - 2025-09-26 07:17:14 --> Session: Class initialized using 'CodeIgniter\Session\Handlers\FileHandler' driver.
DEBUG - 2025-09-26 07:17:14 --> User IP: ::1
DEBUG - 2025-09-26 07:17:14 --> Session: Class initialized using 'CodeIgniter\Session\Handlers\FileHandler' driver.
DEBUG - 2025-09-26 07:17:14 --> User IP: ::1
DEBUG - 2025-09-26 07:17:19 --> Session: Class initialized using 'CodeIgniter\Session\Handlers\FileHandler' driver.
DEBUG - 2025-09-26 07:17:19 --> User IP: ::1
DEBUG - 2025-09-26 07:17:30 --> Session: Class initialized using 'CodeIgniter\Session\Handlers\FileHandler' driver.
DEBUG - 2025-09-26 07:17:30 --> User IP: ::1
DEBUG - 2025-09-26 07:18:00 --> Session: Class initialized using 'CodeIgniter\Session\Handlers\FileHandler' driver.
DEBUG - 2025-09-26 07:18:00 --> User IP: ::1
DEBUG - 2025-09-26 07:18:00 --> Session: Class initialized using 'CodeIgniter\Session\Handlers\FileHandler' driver.
DEBUG - 2025-09-26 07:18:00 --> User IP: ::1
DEBUG - 2025-09-26 07:20:44 --> Session: Class initialized using 'CodeIgniter\Session\Handlers\FileHandler' driver.
DEBUG - 2025-09-26 07:20:44 --> User IP: ::1
DEBUG - 2025-09-26 07:20:48 --> Session: Class initialized using 'CodeIgniter\Session\Handlers\FileHandler' driver.
DEBUG - 2025-09-26 07:20:48 --> User IP: ::1
DEBUG - 2025-09-26 07:21:15 --> Session: Class initialized using 'CodeIgniter\Session\Handlers\FileHandler' driver.
DEBUG - 2025-09-26 07:21:15 --> User IP: ::1
DEBUG - 2025-09-26 07:21:27 --> Session: Class initialized using 'CodeIgniter\Session\Handlers\FileHandler' driver.
DEBUG - 2025-09-26 07:21:27 --> User IP: ::1
DEBUG - 2025-09-26 07:22:18 --> Session: Class initialized using 'CodeIgniter\Session\Handlers\FileHandler' driver.
DEBUG - 2025-09-26 07:22:18 --> User IP: ::1
DEBUG - 2025-09-26 07:22:30 --> Session: Class initialized using 'CodeIgniter\Session\Handlers\FileHandler' driver.
DEBUG - 2025-09-26 07:22:30 --> User IP: ::1
DEBUG - 2025-09-26 07:23:15 --> Session: Class initialized using 'CodeIgniter\Session\Handlers\FileHandler' driver.
DEBUG - 2025-09-26 07:23:15 --> User IP: ::1
DEBUG - 2025-09-26 07:23:19 --> Session: Class initialized using 'CodeIgniter\Session\Handlers\FileHandler' driver.
DEBUG - 2025-09-26 07:23:19 --> User IP: ::1
DEBUG - 2025-09-26 07:23:44 --> Session: Class initialized using 'CodeIgniter\Session\Handlers\FileHandler' driver.
DEBUG - 2025-09-26 07:23:44 --> User IP: ::1
DEBUG - 2025-09-26 07:24:21 --> Session: Class initialized using 'CodeIgniter\Session\Handlers\FileHandler' driver.
DEBUG - 2025-09-26 07:24:21 --> User IP: ::1
ERROR - 2025-09-26 07:24:22 --> Error connecting to the database: mysqli_sql_exception: Access denied for user 'u853418576_Test'@'160.20.106.107' (using password: YES) in C:\xampp\htdocs\gighz-people\system\Database\MySQLi\Connection.php:186
Stack trace:
#0 C:\xampp\htdocs\gighz-people\system\Database\MySQLi\Connection.php(186): mysqli->real_connect('srv827.hstgr.io', 'u853418576_Test', Object(SensitiveParameterValue), 'u853418576_Test', 3306, '', 0)
#1 C:\xampp\htdocs\gighz-people\system\Database\BaseConnection.php(421): CodeIgniter\Database\MySQLi\Connection->connect(false)
#2 C:\xampp\htdocs\gighz-people\system\Database\BaseConnection.php(616): CodeIgniter\Database\BaseConnection->initialize()
#3 C:\xampp\htdocs\gighz-people\app\Controllers\Dashboard.php(407): CodeIgniter\Database\BaseConnection->query('SELECT * FROM t...', Array)
#4 C:\xampp\htdocs\gighz-people\app\Controllers\Dashboard.php(136): App\Controllers\Dashboard->getworkedRRAndGeneralWorks('GZ44', '2025-09-25', '2025-10-24')
#5 C:\xampp\htdocs\gighz-people\system\CodeIgniter.php(933): App\Controllers\Dashboard->dashboardDatas()
#6 C:\xampp\htdocs\gighz-people\system\CodeIgniter.php(509): CodeIgniter\CodeIgniter->runController(Object(App\Controllers\Dashboard))
#7 C:\xampp\htdocs\gighz-people\system\CodeIgniter.php(355): CodeIgniter\CodeIgniter->handleRequest(NULL, Object(Config\Cache), false)
#8 C:\xampp\htdocs\gighz-people\system\Boot.php(334): CodeIgniter\CodeIgniter->run()
#9 C:\xampp\htdocs\gighz-people\system\Boot.php(67): CodeIgniter\Boot::runCodeIgniter(Object(CodeIgniter\CodeIgniter))
#10 C:\xampp\htdocs\gighz-people\public\index.php(56): CodeIgniter\Boot::bootWeb(Object(Config\Paths))
#11 {main}

Next CodeIgniter\Database\Exceptions\DatabaseException: Access denied for user '****'@'160.20.106.107' (using password: YES) in C:\xampp\htdocs\gighz-people\system\Database\MySQLi\Connection.php:231
Stack trace:
#0 C:\xampp\htdocs\gighz-people\system\Database\BaseConnection.php(421): CodeIgniter\Database\MySQLi\Connection->connect(false)
#1 C:\xampp\htdocs\gighz-people\system\Database\BaseConnection.php(616): CodeIgniter\Database\BaseConnection->initialize()
#2 C:\xampp\htdocs\gighz-people\app\Controllers\Dashboard.php(407): CodeIgniter\Database\BaseConnection->query('SELECT * FROM t...', Array)
#3 C:\xampp\htdocs\gighz-people\app\Controllers\Dashboard.php(136): App\Controllers\Dashboard->getworkedRRAndGeneralWorks('GZ44', '2025-09-25', '2025-10-24')
#4 C:\xampp\htdocs\gighz-people\system\CodeIgniter.php(933): App\Controllers\Dashboard->dashboardDatas()
#5 C:\xampp\htdocs\gighz-people\system\CodeIgniter.php(509): CodeIgniter\CodeIgniter->runController(Object(App\Controllers\Dashboard))
#6 C:\xampp\htdocs\gighz-people\system\CodeIgniter.php(355): CodeIgniter\CodeIgniter->handleRequest(NULL, Object(Config\Cache), false)
#7 C:\xampp\htdocs\gighz-people\system\Boot.php(334): CodeIgniter\CodeIgniter->run()
#8 C:\xampp\htdocs\gighz-people\system\Boot.php(67): CodeIgniter\Boot::runCodeIgniter(Object(CodeIgniter\CodeIgniter))
#9 C:\xampp\htdocs\gighz-people\public\index.php(56): CodeIgniter\Boot::bootWeb(Object(Config\Paths))
#10 {main}
CRITICAL - 2025-09-26 07:24:22 --> CodeIgniter\Database\Exceptions\DatabaseException: Unable to connect to the database.
Main connection [MySQLi]: Access denied for user '****'@'160.20.106.107' (using password: YES)
[Method: POST, Route: dashboard/dashboardDatas]
in SYSTEMPATH\Database\BaseConnection.php on line 467.
 1 SYSTEMPATH\Database\BaseConnection.php(616): CodeIgniter\Database\BaseConnection->initialize()
 2 APPPATH\Controllers\Dashboard.php(407): CodeIgniter\Database\BaseConnection->query('SELECT * FROM tbl_timesheet 
         WHERE timesheet_user_id = ? 
         AND timesheet_date BETWEEN ? AND ?', [...])
 3 APPPATH\Controllers\Dashboard.php(136): App\Controllers\Dashboard->getworkedRRAndGeneralWorks('GZ44', '2025-09-25', '2025-10-24')
 4 SYSTEMPATH\CodeIgniter.php(933): App\Controllers\Dashboard->dashboardDatas()
 5 SYSTEMPATH\CodeIgniter.php(509): CodeIgniter\CodeIgniter->runController(Object(App\Controllers\Dashboard))
 6 SYSTEMPATH\CodeIgniter.php(355): CodeIgniter\CodeIgniter->handleRequest(null, Object(Config\Cache), false)
 7 SYSTEMPATH\Boot.php(334): CodeIgniter\CodeIgniter->run()
 8 SYSTEMPATH\Boot.php(67): CodeIgniter\Boot::runCodeIgniter(Object(CodeIgniter\CodeIgniter))
 9 FCPATH\index.php(56): CodeIgniter\Boot::bootWeb(Object(Config\Paths))
DEBUG - 2025-09-26 07:24:48 --> Session: Class initialized using 'CodeIgniter\Session\Handlers\FileHandler' driver.
DEBUG - 2025-09-26 07:24:48 --> User IP: ::1
DEBUG - 2025-09-26 07:24:48 --> Session: Class initialized using 'CodeIgniter\Session\Handlers\FileHandler' driver.
DEBUG - 2025-09-26 07:24:48 --> User IP: ::1
DEBUG - 2025-09-26 07:26:25 --> Session: Class initialized using 'CodeIgniter\Session\Handlers\FileHandler' driver.
DEBUG - 2025-09-26 07:26:25 --> User IP: ::1
DEBUG - 2025-09-26 07:26:29 --> Session: Class initialized using 'CodeIgniter\Session\Handlers\FileHandler' driver.
DEBUG - 2025-09-26 07:26:29 --> User IP: ::1
DEBUG - 2025-09-26 07:26:58 --> Session: Class initialized using 'CodeIgniter\Session\Handlers\FileHandler' driver.
DEBUG - 2025-09-26 07:26:58 --> User IP: ::1
DEBUG - 2025-09-26 07:26:58 --> Session: Class initialized using 'CodeIgniter\Session\Handlers\FileHandler' driver.
DEBUG - 2025-09-26 07:26:58 --> User IP: ::1
DEBUG - 2025-09-26 07:27:37 --> Session: Class initialized using 'CodeIgniter\Session\Handlers\FileHandler' driver.
DEBUG - 2025-09-26 07:27:37 --> User IP: ::1
DEBUG - 2025-09-26 07:27:37 --> Session: Class initialized using 'CodeIgniter\Session\Handlers\FileHandler' driver.
DEBUG - 2025-09-26 07:27:37 --> User IP: ::1
DEBUG - 2025-09-26 07:35:22 --> Session: Class initialized using 'CodeIgniter\Session\Handlers\FileHandler' driver.
DEBUG - 2025-09-26 07:35:22 --> User IP: ::1
DEBUG - 2025-09-26 07:35:23 --> Session: Class initialized using 'CodeIgniter\Session\Handlers\FileHandler' driver.
DEBUG - 2025-09-26 07:35:23 --> User IP: ::1
DEBUG - 2025-09-26 07:36:45 --> Session: Class initialized using 'CodeIgniter\Session\Handlers\FileHandler' driver.
DEBUG - 2025-09-26 07:36:45 --> User IP: ::1
DEBUG - 2025-09-26 07:36:46 --> Session: Class initialized using 'CodeIgniter\Session\Handlers\FileHandler' driver.
DEBUG - 2025-09-26 07:36:46 --> User IP: ::1
DEBUG - 2025-09-26 07:36:51 --> Session: Class initialized using 'CodeIgniter\Session\Handlers\FileHandler' driver.
DEBUG - 2025-09-26 07:36:51 --> User IP: ::1
DEBUG - 2025-09-26 07:36:52 --> Session: Class initialized using 'CodeIgniter\Session\Handlers\FileHandler' driver.
DEBUG - 2025-09-26 07:36:52 --> User IP: ::1
DEBUG - 2025-09-26 07:37:16 --> Session: Class initialized using 'CodeIgniter\Session\Handlers\FileHandler' driver.
DEBUG - 2025-09-26 07:37:16 --> User IP: ::1
DEBUG - 2025-09-26 07:37:17 --> Session: Class initialized using 'CodeIgniter\Session\Handlers\FileHandler' driver.
DEBUG - 2025-09-26 07:37:17 --> User IP: ::1
DEBUG - 2025-09-26 07:37:17 --> Session: Class initialized using 'CodeIgniter\Session\Handlers\FileHandler' driver.
DEBUG - 2025-09-26 07:37:17 --> User IP: ::1
DEBUG - 2025-09-26 07:37:18 --> Session: Class initialized using 'CodeIgniter\Session\Handlers\FileHandler' driver.
DEBUG - 2025-09-26 07:37:18 --> User IP: ::1
DEBUG - 2025-09-26 07:38:25 --> Session: Class initialized using 'CodeIgniter\Session\Handlers\FileHandler' driver.
DEBUG - 2025-09-26 07:38:25 --> User IP: ::1
DEBUG - 2025-09-26 07:38:30 --> Session: Class initialized using 'CodeIgniter\Session\Handlers\FileHandler' driver.
DEBUG - 2025-09-26 07:38:30 --> User IP: ::1
DEBUG - 2025-09-26 08:38:54 --> Session: Class initialized using 'CodeIgniter\Session\Handlers\FileHandler' driver.
DEBUG - 2025-09-26 08:38:54 --> User IP: ::1
DEBUG - 2025-09-26 08:38:55 --> Session: Class initialized using 'CodeIgniter\Session\Handlers\FileHandler' driver.
DEBUG - 2025-09-26 08:38:55 --> User IP: ::1
DEBUG - 2025-09-26 08:39:06 --> Session: Class initialized using 'CodeIgniter\Session\Handlers\FileHandler' driver.
DEBUG - 2025-09-26 08:39:06 --> User IP: ::1
DEBUG - 2025-09-26 08:39:06 --> Session: Class initialized using 'CodeIgniter\Session\Handlers\FileHandler' driver.
DEBUG - 2025-09-26 08:39:06 --> User IP: ::1
DEBUG - 2025-09-26 08:41:59 --> Session: Class initialized using 'CodeIgniter\Session\Handlers\FileHandler' driver.
DEBUG - 2025-09-26 08:41:59 --> User IP: ::1
DEBUG - 2025-09-26 08:42:00 --> Session: Class initialized using 'CodeIgniter\Session\Handlers\FileHandler' driver.
DEBUG - 2025-09-26 08:42:00 --> User IP: ::1
DEBUG - 2025-09-26 08:43:10 --> Session: Class initialized using 'CodeIgniter\Session\Handlers\FileHandler' driver.
DEBUG - 2025-09-26 08:43:10 --> User IP: ::1
DEBUG - 2025-09-26 08:43:11 --> Session: Class initialized using 'CodeIgniter\Session\Handlers\FileHandler' driver.
DEBUG - 2025-09-26 08:43:11 --> User IP: ::1
DEBUG - 2025-09-26 08:45:06 --> Session: Class initialized using 'CodeIgniter\Session\Handlers\FileHandler' driver.
DEBUG - 2025-09-26 08:45:06 --> User IP: ::1
DEBUG - 2025-09-26 08:45:07 --> Session: Class initialized using 'CodeIgniter\Session\Handlers\FileHandler' driver.
DEBUG - 2025-09-26 08:45:07 --> User IP: ::1
DEBUG - 2025-09-26 08:45:54 --> Session: Class initialized using 'CodeIgniter\Session\Handlers\FileHandler' driver.
DEBUG - 2025-09-26 08:45:54 --> User IP: ::1
DEBUG - 2025-09-26 08:45:55 --> Session: Class initialized using 'CodeIgniter\Session\Handlers\FileHandler' driver.
DEBUG - 2025-09-26 08:45:55 --> User IP: ::1
DEBUG - 2025-09-26 08:46:17 --> Session: Class initialized using 'CodeIgniter\Session\Handlers\FileHandler' driver.
DEBUG - 2025-09-26 08:46:17 --> User IP: ::1
DEBUG - 2025-09-26 08:46:18 --> Session: Class initialized using 'CodeIgniter\Session\Handlers\FileHandler' driver.
DEBUG - 2025-09-26 08:46:18 --> User IP: ::1
DEBUG - 2025-09-26 08:46:52 --> Session: Class initialized using 'CodeIgniter\Session\Handlers\FileHandler' driver.
DEBUG - 2025-09-26 08:46:52 --> User IP: ::1
DEBUG - 2025-09-26 08:46:53 --> Session: Class initialized using 'CodeIgniter\Session\Handlers\FileHandler' driver.
DEBUG - 2025-09-26 08:46:53 --> User IP: ::1
DEBUG - 2025-09-26 08:46:59 --> Session: Class initialized using 'CodeIgniter\Session\Handlers\FileHandler' driver.
DEBUG - 2025-09-26 08:46:59 --> User IP: ::1
DEBUG - 2025-09-26 08:46:59 --> Session: Class initialized using 'CodeIgniter\Session\Handlers\FileHandler' driver.
DEBUG - 2025-09-26 08:46:59 --> User IP: ::1
DEBUG - 2025-09-26 08:47:05 --> Session: Class initialized using 'CodeIgniter\Session\Handlers\FileHandler' driver.
DEBUG - 2025-09-26 08:47:05 --> User IP: ::1
DEBUG - 2025-09-26 08:47:06 --> Session: Class initialized using 'CodeIgniter\Session\Handlers\FileHandler' driver.
DEBUG - 2025-09-26 08:47:06 --> User IP: ::1
DEBUG - 2025-09-26 08:47:55 --> Session: Class initialized using 'CodeIgniter\Session\Handlers\FileHandler' driver.
DEBUG - 2025-09-26 08:47:55 --> User IP: ::1
DEBUG - 2025-09-26 08:47:55 --> Session: Class initialized using 'CodeIgniter\Session\Handlers\FileHandler' driver.
DEBUG - 2025-09-26 08:47:55 --> User IP: ::1
DEBUG - 2025-09-26 08:48:16 --> Session: Class initialized using 'CodeIgniter\Session\Handlers\FileHandler' driver.
DEBUG - 2025-09-26 08:48:16 --> User IP: ::1
DEBUG - 2025-09-26 08:48:17 --> Session: Class initialized using 'CodeIgniter\Session\Handlers\FileHandler' driver.
DEBUG - 2025-09-26 08:48:17 --> User IP: ::1
DEBUG - 2025-09-26 08:48:31 --> Session: Class initialized using 'CodeIgniter\Session\Handlers\FileHandler' driver.
DEBUG - 2025-09-26 08:48:31 --> User IP: ::1
DEBUG - 2025-09-26 08:48:32 --> Session: Class initialized using 'CodeIgniter\Session\Handlers\FileHandler' driver.
DEBUG - 2025-09-26 08:48:32 --> User IP: ::1
DEBUG - 2025-09-26 08:48:39 --> Session: Class initialized using 'CodeIgniter\Session\Handlers\FileHandler' driver.
DEBUG - 2025-09-26 08:48:39 --> User IP: ::1
DEBUG - 2025-09-26 08:48:39 --> Session: Class initialized using 'CodeIgniter\Session\Handlers\FileHandler' driver.
DEBUG - 2025-09-26 08:48:39 --> User IP: ::1
DEBUG - 2025-09-26 08:48:56 --> Session: Class initialized using 'CodeIgniter\Session\Handlers\FileHandler' driver.
DEBUG - 2025-09-26 08:48:56 --> User IP: ::1
DEBUG - 2025-09-26 08:48:57 --> Session: Class initialized using 'CodeIgniter\Session\Handlers\FileHandler' driver.
DEBUG - 2025-09-26 08:48:57 --> User IP: ::1
DEBUG - 2025-09-26 08:49:26 --> Session: Class initialized using 'CodeIgniter\Session\Handlers\FileHandler' driver.
DEBUG - 2025-09-26 08:49:26 --> User IP: ::1
DEBUG - 2025-09-26 08:49:26 --> Session: Class initialized using 'CodeIgniter\Session\Handlers\FileHandler' driver.
DEBUG - 2025-09-26 08:49:26 --> User IP: ::1
DEBUG - 2025-09-26 08:50:01 --> Session: Class initialized using 'CodeIgniter\Session\Handlers\FileHandler' driver.
DEBUG - 2025-09-26 08:50:01 --> User IP: ::1
DEBUG - 2025-09-26 08:50:02 --> Session: Class initialized using 'CodeIgniter\Session\Handlers\FileHandler' driver.
DEBUG - 2025-09-26 08:50:02 --> User IP: ::1
ERROR - 2025-09-26 08:50:03 --> Error connecting to the database: mysqli_sql_exception: Access denied for user 'u853418576_Test'@'160.20.106.107' (using password: YES) in C:\xampp\htdocs\gighz-people\system\Database\MySQLi\Connection.php:186
Stack trace:
#0 C:\xampp\htdocs\gighz-people\system\Database\MySQLi\Connection.php(186): mysqli->real_connect('srv827.hstgr.io', 'u853418576_Test', Object(SensitiveParameterValue), 'u853418576_Test', 3306, '', 0)
#1 C:\xampp\htdocs\gighz-people\system\Database\BaseConnection.php(421): CodeIgniter\Database\MySQLi\Connection->connect(false)
#2 C:\xampp\htdocs\gighz-people\system\Database\BaseConnection.php(616): CodeIgniter\Database\BaseConnection->initialize()
#3 C:\xampp\htdocs\gighz-people\app\Controllers\Dashboard.php(407): CodeIgniter\Database\BaseConnection->query('SELECT * FROM t...', Array)
#4 C:\xampp\htdocs\gighz-people\app\Controllers\Dashboard.php(136): App\Controllers\Dashboard->getworkedRRAndGeneralWorks('GZ44', '2025-09-25', '2025-10-24')
#5 C:\xampp\htdocs\gighz-people\system\CodeIgniter.php(933): App\Controllers\Dashboard->dashboardDatas()
#6 C:\xampp\htdocs\gighz-people\system\CodeIgniter.php(509): CodeIgniter\CodeIgniter->runController(Object(App\Controllers\Dashboard))
#7 C:\xampp\htdocs\gighz-people\system\CodeIgniter.php(355): CodeIgniter\CodeIgniter->handleRequest(NULL, Object(Config\Cache), false)
#8 C:\xampp\htdocs\gighz-people\system\Boot.php(334): CodeIgniter\CodeIgniter->run()
#9 C:\xampp\htdocs\gighz-people\system\Boot.php(67): CodeIgniter\Boot::runCodeIgniter(Object(CodeIgniter\CodeIgniter))
#10 C:\xampp\htdocs\gighz-people\public\index.php(56): CodeIgniter\Boot::bootWeb(Object(Config\Paths))
#11 {main}

Next CodeIgniter\Database\Exceptions\DatabaseException: Access denied for user '****'@'160.20.106.107' (using password: YES) in C:\xampp\htdocs\gighz-people\system\Database\MySQLi\Connection.php:231
Stack trace:
#0 C:\xampp\htdocs\gighz-people\system\Database\BaseConnection.php(421): CodeIgniter\Database\MySQLi\Connection->connect(false)
#1 C:\xampp\htdocs\gighz-people\system\Database\BaseConnection.php(616): CodeIgniter\Database\BaseConnection->initialize()
#2 C:\xampp\htdocs\gighz-people\app\Controllers\Dashboard.php(407): CodeIgniter\Database\BaseConnection->query('SELECT * FROM t...', Array)
#3 C:\xampp\htdocs\gighz-people\app\Controllers\Dashboard.php(136): App\Controllers\Dashboard->getworkedRRAndGeneralWorks('GZ44', '2025-09-25', '2025-10-24')
#4 C:\xampp\htdocs\gighz-people\system\CodeIgniter.php(933): App\Controllers\Dashboard->dashboardDatas()
#5 C:\xampp\htdocs\gighz-people\system\CodeIgniter.php(509): CodeIgniter\CodeIgniter->runController(Object(App\Controllers\Dashboard))
#6 C:\xampp\htdocs\gighz-people\system\CodeIgniter.php(355): CodeIgniter\CodeIgniter->handleRequest(NULL, Object(Config\Cache), false)
#7 C:\xampp\htdocs\gighz-people\system\Boot.php(334): CodeIgniter\CodeIgniter->run()
#8 C:\xampp\htdocs\gighz-people\system\Boot.php(67): CodeIgniter\Boot::runCodeIgniter(Object(CodeIgniter\CodeIgniter))
#9 C:\xampp\htdocs\gighz-people\public\index.php(56): CodeIgniter\Boot::bootWeb(Object(Config\Paths))
#10 {main}
CRITICAL - 2025-09-26 08:50:03 --> CodeIgniter\Database\Exceptions\DatabaseException: Unable to connect to the database.
Main connection [MySQLi]: Access denied for user '****'@'160.20.106.107' (using password: YES)
[Method: POST, Route: dashboard/dashboardDatas]
in SYSTEMPATH\Database\BaseConnection.php on line 467.
 1 SYSTEMPATH\Database\BaseConnection.php(616): CodeIgniter\Database\BaseConnection->initialize()
 2 APPPATH\Controllers\Dashboard.php(407): CodeIgniter\Database\BaseConnection->query('SELECT * FROM tbl_timesheet 
         WHERE timesheet_user_id = ? 
         AND timesheet_date BETWEEN ? AND ?', [...])
 3 APPPATH\Controllers\Dashboard.php(136): App\Controllers\Dashboard->getworkedRRAndGeneralWorks('GZ44', '2025-09-25', '2025-10-24')
 4 SYSTEMPATH\CodeIgniter.php(933): App\Controllers\Dashboard->dashboardDatas()
 5 SYSTEMPATH\CodeIgniter.php(509): CodeIgniter\CodeIgniter->runController(Object(App\Controllers\Dashboard))
 6 SYSTEMPATH\CodeIgniter.php(355): CodeIgniter\CodeIgniter->handleRequest(null, Object(Config\Cache), false)
 7 SYSTEMPATH\Boot.php(334): CodeIgniter\CodeIgniter->run()
 8 SYSTEMPATH\Boot.php(67): CodeIgniter\Boot::runCodeIgniter(Object(CodeIgniter\CodeIgniter))
 9 FCPATH\index.php(56): CodeIgniter\Boot::bootWeb(Object(Config\Paths))
DEBUG - 2025-09-26 08:50:04 --> Session: Class initialized using 'CodeIgniter\Session\Handlers\FileHandler' driver.
DEBUG - 2025-09-26 08:50:04 --> User IP: ::1
DEBUG - 2025-09-26 08:50:33 --> Session: Class initialized using 'CodeIgniter\Session\Handlers\FileHandler' driver.
DEBUG - 2025-09-26 08:50:33 --> User IP: ::1
DEBUG - 2025-09-26 08:50:38 --> Session: Class initialized using 'CodeIgniter\Session\Handlers\FileHandler' driver.
DEBUG - 2025-09-26 08:50:38 --> User IP: ::1
DEBUG - 2025-09-26 08:51:04 --> Session: Class initialized using 'CodeIgniter\Session\Handlers\FileHandler' driver.
DEBUG - 2025-09-26 08:51:04 --> User IP: ::1
DEBUG - 2025-09-26 08:51:05 --> Session: Class initialized using 'CodeIgniter\Session\Handlers\FileHandler' driver.
DEBUG - 2025-09-26 08:51:05 --> User IP: ::1
DEBUG - 2025-09-26 08:52:28 --> Session: Class initialized using 'CodeIgniter\Session\Handlers\FileHandler' driver.
DEBUG - 2025-09-26 08:52:28 --> User IP: ::1
DEBUG - 2025-09-26 08:52:28 --> Session: Class initialized using 'CodeIgniter\Session\Handlers\FileHandler' driver.
DEBUG - 2025-09-26 08:52:28 --> User IP: ::1
DEBUG - 2025-09-26 08:53:39 --> Session: Class initialized using 'CodeIgniter\Session\Handlers\FileHandler' driver.
DEBUG - 2025-09-26 08:53:39 --> User IP: ::1
DEBUG - 2025-09-26 08:53:40 --> Session: Class initialized using 'CodeIgniter\Session\Handlers\FileHandler' driver.
DEBUG - 2025-09-26 08:53:40 --> User IP: ::1
DEBUG - 2025-09-26 08:53:55 --> Session: Class initialized using 'CodeIgniter\Session\Handlers\FileHandler' driver.
DEBUG - 2025-09-26 08:53:55 --> User IP: ::1
DEBUG - 2025-09-26 08:53:56 --> Session: Class initialized using 'CodeIgniter\Session\Handlers\FileHandler' driver.
DEBUG - 2025-09-26 08:53:56 --> User IP: ::1
DEBUG - 2025-09-26 08:54:22 --> Session: Class initialized using 'CodeIgniter\Session\Handlers\FileHandler' driver.
DEBUG - 2025-09-26 08:54:22 --> User IP: ::1
DEBUG - 2025-09-26 08:54:22 --> Session: Class initialized using 'CodeIgniter\Session\Handlers\FileHandler' driver.
DEBUG - 2025-09-26 08:54:22 --> User IP: ::1
DEBUG - 2025-09-26 08:54:57 --> Session: Class initialized using 'CodeIgniter\Session\Handlers\FileHandler' driver.
DEBUG - 2025-09-26 08:54:57 --> User IP: ::1
DEBUG - 2025-09-26 08:54:58 --> Session: Class initialized using 'CodeIgniter\Session\Handlers\FileHandler' driver.
DEBUG - 2025-09-26 08:54:58 --> User IP: ::1
DEBUG - 2025-09-26 08:55:55 --> Session: Class initialized using 'CodeIgniter\Session\Handlers\FileHandler' driver.
DEBUG - 2025-09-26 08:55:55 --> User IP: ::1
DEBUG - 2025-09-26 08:56:00 --> Session: Class initialized using 'CodeIgniter\Session\Handlers\FileHandler' driver.
DEBUG - 2025-09-26 08:56:00 --> User IP: ::1
DEBUG - 2025-09-26 08:56:31 --> Session: Class initialized using 'CodeIgniter\Session\Handlers\FileHandler' driver.
DEBUG - 2025-09-26 08:56:31 --> User IP: ::1
DEBUG - 2025-09-26 08:56:35 --> Session: Class initialized using 'CodeIgniter\Session\Handlers\FileHandler' driver.
DEBUG - 2025-09-26 08:56:35 --> User IP: ::1
DEBUG - 2025-09-26 08:56:47 --> Session: Class initialized using 'CodeIgniter\Session\Handlers\FileHandler' driver.
DEBUG - 2025-09-26 08:56:47 --> User IP: ::1
DEBUG - 2025-09-26 08:56:48 --> Session: Class initialized using 'CodeIgniter\Session\Handlers\FileHandler' driver.
DEBUG - 2025-09-26 08:56:48 --> User IP: ::1
DEBUG - 2025-09-26 08:56:58 --> Session: Class initialized using 'CodeIgniter\Session\Handlers\FileHandler' driver.
DEBUG - 2025-09-26 08:56:58 --> User IP: ::1
DEBUG - 2025-09-26 08:56:59 --> Session: Class initialized using 'CodeIgniter\Session\Handlers\FileHandler' driver.
DEBUG - 2025-09-26 08:56:59 --> User IP: ::1
DEBUG - 2025-09-26 08:57:11 --> Session: Class initialized using 'CodeIgniter\Session\Handlers\FileHandler' driver.
DEBUG - 2025-09-26 08:57:11 --> User IP: ::1
DEBUG - 2025-09-26 08:57:12 --> Session: Class initialized using 'CodeIgniter\Session\Handlers\FileHandler' driver.
DEBUG - 2025-09-26 08:57:12 --> User IP: ::1
DEBUG - 2025-09-26 08:57:53 --> Session: Class initialized using 'CodeIgniter\Session\Handlers\FileHandler' driver.
DEBUG - 2025-09-26 08:57:53 --> User IP: ::1
DEBUG - 2025-09-26 08:57:54 --> Session: Class initialized using 'CodeIgniter\Session\Handlers\FileHandler' driver.
DEBUG - 2025-09-26 08:57:54 --> User IP: ::1
DEBUG - 2025-09-26 08:57:59 --> Session: Class initialized using 'CodeIgniter\Session\Handlers\FileHandler' driver.
DEBUG - 2025-09-26 08:57:59 --> User IP: ::1
DEBUG - 2025-09-26 08:58:00 --> Session: Class initialized using 'CodeIgniter\Session\Handlers\FileHandler' driver.
DEBUG - 2025-09-26 08:58:00 --> User IP: ::1
DEBUG - 2025-09-26 08:58:29 --> Session: Class initialized using 'CodeIgniter\Session\Handlers\FileHandler' driver.
DEBUG - 2025-09-26 08:58:29 --> User IP: ::1
DEBUG - 2025-09-26 08:58:30 --> Session: Class initialized using 'CodeIgniter\Session\Handlers\FileHandler' driver.
DEBUG - 2025-09-26 08:58:30 --> User IP: ::1
DEBUG - 2025-09-26 08:59:47 --> Session: Class initialized using 'CodeIgniter\Session\Handlers\FileHandler' driver.
DEBUG - 2025-09-26 08:59:47 --> User IP: ::1
DEBUG - 2025-09-26 08:59:48 --> Session: Class initialized using 'CodeIgniter\Session\Handlers\FileHandler' driver.
DEBUG - 2025-09-26 08:59:48 --> User IP: ::1
DEBUG - 2025-09-26 09:00:25 --> Session: Class initialized using 'CodeIgniter\Session\Handlers\FileHandler' driver.
DEBUG - 2025-09-26 09:00:25 --> User IP: ::1
DEBUG - 2025-09-26 09:00:25 --> Session: Class initialized using 'CodeIgniter\Session\Handlers\FileHandler' driver.
DEBUG - 2025-09-26 09:00:25 --> User IP: ::1
DEBUG - 2025-09-26 09:01:06 --> Session: Class initialized using 'CodeIgniter\Session\Handlers\FileHandler' driver.
DEBUG - 2025-09-26 09:01:06 --> User IP: ::1
DEBUG - 2025-09-26 09:01:06 --> Session: Class initialized using 'CodeIgniter\Session\Handlers\FileHandler' driver.
DEBUG - 2025-09-26 09:01:06 --> User IP: ::1
DEBUG - 2025-09-26 09:01:14 --> Session: Class initialized using 'CodeIgniter\Session\Handlers\FileHandler' driver.
DEBUG - 2025-09-26 09:01:14 --> User IP: ::1
DEBUG - 2025-09-26 09:01:15 --> Session: Class initialized using 'CodeIgniter\Session\Handlers\FileHandler' driver.
DEBUG - 2025-09-26 09:01:15 --> User IP: ::1
DEBUG - 2025-09-26 09:01:21 --> Session: Class initialized using 'CodeIgniter\Session\Handlers\FileHandler' driver.
DEBUG - 2025-09-26 09:01:21 --> User IP: ::1
DEBUG - 2025-09-26 09:01:22 --> Session: Class initialized using 'CodeIgniter\Session\Handlers\FileHandler' driver.
DEBUG - 2025-09-26 09:01:22 --> User IP: ::1
DEBUG - 2025-09-26 09:03:29 --> Session: Class initialized using 'CodeIgniter\Session\Handlers\FileHandler' driver.
DEBUG - 2025-09-26 09:03:29 --> User IP: ::1
DEBUG - 2025-09-26 09:03:30 --> Session: Class initialized using 'CodeIgniter\Session\Handlers\FileHandler' driver.
DEBUG - 2025-09-26 09:03:30 --> User IP: ::1
DEBUG - 2025-09-26 09:06:13 --> Session: Class initialized using 'CodeIgniter\Session\Handlers\FileHandler' driver.
DEBUG - 2025-09-26 09:06:13 --> User IP: ::1
DEBUG - 2025-09-26 09:06:14 --> Session: Class initialized using 'CodeIgniter\Session\Handlers\FileHandler' driver.
DEBUG - 2025-09-26 09:06:14 --> User IP: ::1
DEBUG - 2025-09-26 09:06:44 --> Session: Class initialized using 'CodeIgniter\Session\Handlers\FileHandler' driver.
DEBUG - 2025-09-26 09:06:44 --> User IP: ::1
DEBUG - 2025-09-26 09:06:44 --> Session: Class initialized using 'CodeIgniter\Session\Handlers\FileHandler' driver.
DEBUG - 2025-09-26 09:06:44 --> User IP: ::1
DEBUG - 2025-09-26 09:06:57 --> Session: Class initialized using 'CodeIgniter\Session\Handlers\FileHandler' driver.
DEBUG - 2025-09-26 09:06:57 --> User IP: ::1
DEBUG - 2025-09-26 09:06:58 --> Session: Class initialized using 'CodeIgniter\Session\Handlers\FileHandler' driver.
DEBUG - 2025-09-26 09:06:58 --> User IP: ::1
DEBUG - 2025-09-26 09:07:09 --> Session: Class initialized using 'CodeIgniter\Session\Handlers\FileHandler' driver.
DEBUG - 2025-09-26 09:07:09 --> User IP: ::1
DEBUG - 2025-09-26 09:07:10 --> Session: Class initialized using 'CodeIgniter\Session\Handlers\FileHandler' driver.
DEBUG - 2025-09-26 09:07:10 --> User IP: ::1
DEBUG - 2025-09-26 09:07:16 --> Session: Class initialized using 'CodeIgniter\Session\Handlers\FileHandler' driver.
DEBUG - 2025-09-26 09:07:16 --> User IP: ::1
DEBUG - 2025-09-26 09:07:16 --> Session: Class initialized using 'CodeIgniter\Session\Handlers\FileHandler' driver.
DEBUG - 2025-09-26 09:07:16 --> User IP: ::1
DEBUG - 2025-09-26 09:07:43 --> Session: Class initialized using 'CodeIgniter\Session\Handlers\FileHandler' driver.
DEBUG - 2025-09-26 09:07:43 --> User IP: ::1
DEBUG - 2025-09-26 09:07:43 --> Session: Class initialized using 'CodeIgniter\Session\Handlers\FileHandler' driver.
DEBUG - 2025-09-26 09:07:43 --> User IP: ::1
DEBUG - 2025-09-26 09:07:55 --> Session: Class initialized using 'CodeIgniter\Session\Handlers\FileHandler' driver.
DEBUG - 2025-09-26 09:07:55 --> User IP: ::1
DEBUG - 2025-09-26 09:07:55 --> Session: Class initialized using 'CodeIgniter\Session\Handlers\FileHandler' driver.
DEBUG - 2025-09-26 09:07:55 --> User IP: ::1
DEBUG - 2025-09-26 09:08:16 --> Session: Class initialized using 'CodeIgniter\Session\Handlers\FileHandler' driver.
DEBUG - 2025-09-26 09:08:16 --> User IP: ::1
DEBUG - 2025-09-26 09:08:17 --> Session: Class initialized using 'CodeIgniter\Session\Handlers\FileHandler' driver.
DEBUG - 2025-09-26 09:08:17 --> User IP: ::1
DEBUG - 2025-09-26 09:08:26 --> Session: Class initialized using 'CodeIgniter\Session\Handlers\FileHandler' driver.
DEBUG - 2025-09-26 09:08:26 --> User IP: ::1
DEBUG - 2025-09-26 09:08:27 --> Session: Class initialized using 'CodeIgniter\Session\Handlers\FileHandler' driver.
DEBUG - 2025-09-26 09:08:27 --> User IP: ::1
DEBUG - 2025-09-26 09:08:43 --> Session: Class initialized using 'CodeIgniter\Session\Handlers\FileHandler' driver.
DEBUG - 2025-09-26 09:08:43 --> User IP: ::1
DEBUG - 2025-09-26 09:08:44 --> Session: Class initialized using 'CodeIgniter\Session\Handlers\FileHandler' driver.
DEBUG - 2025-09-26 09:08:44 --> User IP: ::1
DEBUG - 2025-09-26 09:08:58 --> Session: Class initialized using 'CodeIgniter\Session\Handlers\FileHandler' driver.
DEBUG - 2025-09-26 09:08:58 --> User IP: ::1
DEBUG - 2025-09-26 09:08:59 --> Session: Class initialized using 'CodeIgniter\Session\Handlers\FileHandler' driver.
DEBUG - 2025-09-26 09:08:59 --> User IP: ::1
DEBUG - 2025-09-26 09:09:13 --> Session: Class initialized using 'CodeIgniter\Session\Handlers\FileHandler' driver.
DEBUG - 2025-09-26 09:09:13 --> User IP: ::1
DEBUG - 2025-09-26 09:09:13 --> Session: Class initialized using 'CodeIgniter\Session\Handlers\FileHandler' driver.
DEBUG - 2025-09-26 09:09:13 --> User IP: ::1
DEBUG - 2025-09-26 09:10:52 --> Session: Class initialized using 'CodeIgniter\Session\Handlers\FileHandler' driver.
DEBUG - 2025-09-26 09:10:52 --> User IP: ::1
DEBUG - 2025-09-26 09:10:53 --> Session: Class initialized using 'CodeIgniter\Session\Handlers\FileHandler' driver.
DEBUG - 2025-09-26 09:10:53 --> User IP: ::1
DEBUG - 2025-09-26 09:12:56 --> Session: Class initialized using 'CodeIgniter\Session\Handlers\FileHandler' driver.
DEBUG - 2025-09-26 09:12:56 --> User IP: ::1
DEBUG - 2025-09-26 09:12:56 --> Session: Class initialized using 'CodeIgniter\Session\Handlers\FileHandler' driver.
DEBUG - 2025-09-26 09:12:56 --> User IP: ::1
DEBUG - 2025-09-26 09:13:16 --> Session: Class initialized using 'CodeIgniter\Session\Handlers\FileHandler' driver.
DEBUG - 2025-09-26 09:13:16 --> User IP: ::1
DEBUG - 2025-09-26 09:13:16 --> Session: Class initialized using 'CodeIgniter\Session\Handlers\FileHandler' driver.
DEBUG - 2025-09-26 09:13:16 --> User IP: ::1
DEBUG - 2025-09-26 09:13:34 --> Session: Class initialized using 'CodeIgniter\Session\Handlers\FileHandler' driver.
DEBUG - 2025-09-26 09:13:34 --> User IP: ::1
DEBUG - 2025-09-26 09:13:35 --> Session: Class initialized using 'CodeIgniter\Session\Handlers\FileHandler' driver.
DEBUG - 2025-09-26 09:13:35 --> User IP: ::1
DEBUG - 2025-09-26 09:14:14 --> Session: Class initialized using 'CodeIgniter\Session\Handlers\FileHandler' driver.
DEBUG - 2025-09-26 09:14:14 --> User IP: ::1
DEBUG - 2025-09-26 09:14:15 --> Session: Class initialized using 'CodeIgniter\Session\Handlers\FileHandler' driver.
DEBUG - 2025-09-26 09:14:15 --> User IP: ::1
DEBUG - 2025-09-26 09:14:23 --> Session: Class initialized using 'CodeIgniter\Session\Handlers\FileHandler' driver.
DEBUG - 2025-09-26 09:14:23 --> User IP: ::1
DEBUG - 2025-09-26 09:14:24 --> Session: Class initialized using 'CodeIgniter\Session\Handlers\FileHandler' driver.
DEBUG - 2025-09-26 09:14:24 --> User IP: ::1
DEBUG - 2025-09-26 09:14:39 --> Session: Class initialized using 'CodeIgniter\Session\Handlers\FileHandler' driver.
DEBUG - 2025-09-26 09:14:39 --> User IP: ::1
DEBUG - 2025-09-26 09:14:39 --> Session: Class initialized using 'CodeIgniter\Session\Handlers\FileHandler' driver.
DEBUG - 2025-09-26 09:14:39 --> User IP: ::1
DEBUG - 2025-09-26 09:14:42 --> Session: Class initialized using 'CodeIgniter\Session\Handlers\FileHandler' driver.
DEBUG - 2025-09-26 09:14:42 --> User IP: ::1
DEBUG - 2025-09-26 09:14:43 --> Session: Class initialized using 'CodeIgniter\Session\Handlers\FileHandler' driver.
DEBUG - 2025-09-26 09:14:43 --> User IP: ::1
DEBUG - 2025-09-26 09:15:11 --> Session: Class initialized using 'CodeIgniter\Session\Handlers\FileHandler' driver.
DEBUG - 2025-09-26 09:15:11 --> User IP: ::1
DEBUG - 2025-09-26 09:15:11 --> Session: Class initialized using 'CodeIgniter\Session\Handlers\FileHandler' driver.
DEBUG - 2025-09-26 09:15:11 --> User IP: ::1
DEBUG - 2025-09-26 09:15:29 --> Session: Class initialized using 'CodeIgniter\Session\Handlers\FileHandler' driver.
DEBUG - 2025-09-26 09:15:29 --> User IP: ::1
DEBUG - 2025-09-26 09:15:29 --> Session: Class initialized using 'CodeIgniter\Session\Handlers\FileHandler' driver.
DEBUG - 2025-09-26 09:15:29 --> User IP: ::1
DEBUG - 2025-09-26 09:16:11 --> Session: Class initialized using 'CodeIgniter\Session\Handlers\FileHandler' driver.
DEBUG - 2025-09-26 09:16:11 --> User IP: ::1
DEBUG - 2025-09-26 09:16:16 --> Session: Class initialized using 'CodeIgniter\Session\Handlers\FileHandler' driver.
DEBUG - 2025-09-26 09:16:16 --> User IP: ::1
DEBUG - 2025-09-26 09:16:21 --> Session: Class initialized using 'CodeIgniter\Session\Handlers\FileHandler' driver.
DEBUG - 2025-09-26 09:16:21 --> User IP: ::1
DEBUG - 2025-09-26 09:16:26 --> Session: Class initialized using 'CodeIgniter\Session\Handlers\FileHandler' driver.
DEBUG - 2025-09-26 09:16:26 --> User IP: ::1
DEBUG - 2025-09-26 09:16:43 --> Session: Class initialized using 'CodeIgniter\Session\Handlers\FileHandler' driver.
DEBUG - 2025-09-26 09:16:43 --> User IP: ::1
DEBUG - 2025-09-26 09:16:47 --> Session: Class initialized using 'CodeIgniter\Session\Handlers\FileHandler' driver.
DEBUG - 2025-09-26 09:16:47 --> User IP: ::1
DEBUG - 2025-09-26 09:17:02 --> Session: Class initialized using 'CodeIgniter\Session\Handlers\FileHandler' driver.
DEBUG - 2025-09-26 09:17:02 --> User IP: ::1
DEBUG - 2025-09-26 09:17:03 --> Session: Class initialized using 'CodeIgniter\Session\Handlers\FileHandler' driver.
DEBUG - 2025-09-26 09:17:03 --> User IP: ::1
DEBUG - 2025-09-26 09:17:17 --> Session: Class initialized using 'CodeIgniter\Session\Handlers\FileHandler' driver.
DEBUG - 2025-09-26 09:17:17 --> User IP: ::1
DEBUG - 2025-09-26 09:17:18 --> Session: Class initialized using 'CodeIgniter\Session\Handlers\FileHandler' driver.
DEBUG - 2025-09-26 09:17:18 --> User IP: ::1
DEBUG - 2025-09-26 09:20:23 --> Session: Class initialized using 'CodeIgniter\Session\Handlers\FileHandler' driver.
DEBUG - 2025-09-26 09:20:23 --> User IP: ::1
DEBUG - 2025-09-26 09:20:23 --> Session: Class initialized using 'CodeIgniter\Session\Handlers\FileHandler' driver.
DEBUG - 2025-09-26 09:20:23 --> User IP: ::1
DEBUG - 2025-09-26 09:23:07 --> Session: Class initialized using 'CodeIgniter\Session\Handlers\FileHandler' driver.
DEBUG - 2025-09-26 09:23:07 --> User IP: ::1
DEBUG - 2025-09-26 09:23:07 --> Session: Class initialized using 'CodeIgniter\Session\Handlers\FileHandler' driver.
DEBUG - 2025-09-26 09:23:07 --> User IP: ::1
DEBUG - 2025-09-26 09:25:04 --> Session: Class initialized using 'CodeIgniter\Session\Handlers\FileHandler' driver.
DEBUG - 2025-09-26 09:25:04 --> User IP: ::1
DEBUG - 2025-09-26 09:25:09 --> Session: Class initialized using 'CodeIgniter\Session\Handlers\FileHandler' driver.
DEBUG - 2025-09-26 09:25:09 --> User IP: ::1
DEBUG - 2025-09-26 09:25:49 --> Session: Class initialized using 'CodeIgniter\Session\Handlers\FileHandler' driver.
DEBUG - 2025-09-26 09:25:49 --> User IP: ::1
DEBUG - 2025-09-26 09:25:54 --> Session: Class initialized using 'CodeIgniter\Session\Handlers\FileHandler' driver.
DEBUG - 2025-09-26 09:25:54 --> User IP: ::1
DEBUG - 2025-09-26 09:26:18 --> Session: Class initialized using 'CodeIgniter\Session\Handlers\FileHandler' driver.
DEBUG - 2025-09-26 09:26:18 --> User IP: ::1
DEBUG - 2025-09-26 09:26:23 --> Session: Class initialized using 'CodeIgniter\Session\Handlers\FileHandler' driver.
DEBUG - 2025-09-26 09:26:23 --> User IP: ::1
DEBUG - 2025-09-26 09:26:40 --> Session: Class initialized using 'CodeIgniter\Session\Handlers\FileHandler' driver.
DEBUG - 2025-09-26 09:26:40 --> User IP: ::1
DEBUG - 2025-09-26 09:26:40 --> Session: Class initialized using 'CodeIgniter\Session\Handlers\FileHandler' driver.
DEBUG - 2025-09-26 09:26:40 --> User IP: ::1
DEBUG - 2025-09-26 09:27:31 --> Session: Class initialized using 'CodeIgniter\Session\Handlers\FileHandler' driver.
DEBUG - 2025-09-26 09:27:31 --> User IP: ::1
DEBUG - 2025-09-26 09:27:31 --> Session: Class initialized using 'CodeIgniter\Session\Handlers\FileHandler' driver.
DEBUG - 2025-09-26 09:27:31 --> User IP: ::1
DEBUG - 2025-09-26 09:28:23 --> Session: Class initialized using 'CodeIgniter\Session\Handlers\FileHandler' driver.
DEBUG - 2025-09-26 09:28:23 --> User IP: ::1
DEBUG - 2025-09-26 09:28:24 --> Session: Class initialized using 'CodeIgniter\Session\Handlers\FileHandler' driver.
DEBUG - 2025-09-26 09:28:24 --> User IP: ::1
DEBUG - 2025-09-26 09:29:03 --> Session: Class initialized using 'CodeIgniter\Session\Handlers\FileHandler' driver.
DEBUG - 2025-09-26 09:29:03 --> User IP: ::1
DEBUG - 2025-09-26 09:29:04 --> Session: Class initialized using 'CodeIgniter\Session\Handlers\FileHandler' driver.
DEBUG - 2025-09-26 09:29:04 --> User IP: ::1
DEBUG - 2025-09-26 09:30:10 --> Session: Class initialized using 'CodeIgniter\Session\Handlers\FileHandler' driver.
DEBUG - 2025-09-26 09:30:10 --> User IP: ::1
DEBUG - 2025-09-26 09:30:11 --> Session: Class initialized using 'CodeIgniter\Session\Handlers\FileHandler' driver.
DEBUG - 2025-09-26 09:30:11 --> User IP: ::1
DEBUG - 2025-09-26 09:30:22 --> Session: Class initialized using 'CodeIgniter\Session\Handlers\FileHandler' driver.
DEBUG - 2025-09-26 09:30:22 --> User IP: ::1
DEBUG - 2025-09-26 09:30:23 --> Session: Class initialized using 'CodeIgniter\Session\Handlers\FileHandler' driver.
DEBUG - 2025-09-26 09:30:23 --> User IP: ::1
DEBUG - 2025-09-26 09:30:30 --> Session: Class initialized using 'CodeIgniter\Session\Handlers\FileHandler' driver.
DEBUG - 2025-09-26 09:30:30 --> User IP: ::1
DEBUG - 2025-09-26 09:30:31 --> Session: Class initialized using 'CodeIgniter\Session\Handlers\FileHandler' driver.
DEBUG - 2025-09-26 09:30:31 --> User IP: ::1
DEBUG - 2025-09-26 09:30:53 --> Session: Class initialized using 'CodeIgniter\Session\Handlers\FileHandler' driver.
DEBUG - 2025-09-26 09:30:53 --> User IP: ::1
DEBUG - 2025-09-26 09:30:54 --> Session: Class initialized using 'CodeIgniter\Session\Handlers\FileHandler' driver.
DEBUG - 2025-09-26 09:30:54 --> User IP: ::1
DEBUG - 2025-09-26 09:33:48 --> Session: Class initialized using 'CodeIgniter\Session\Handlers\FileHandler' driver.
DEBUG - 2025-09-26 09:33:48 --> User IP: ::1
DEBUG - 2025-09-26 09:33:49 --> Session: Class initialized using 'CodeIgniter\Session\Handlers\FileHandler' driver.
DEBUG - 2025-09-26 09:33:49 --> User IP: ::1
DEBUG - 2025-09-26 09:33:56 --> Session: Class initialized using 'CodeIgniter\Session\Handlers\FileHandler' driver.
DEBUG - 2025-09-26 09:33:56 --> User IP: ::1
DEBUG - 2025-09-26 09:33:57 --> Session: Class initialized using 'CodeIgniter\Session\Handlers\FileHandler' driver.
DEBUG - 2025-09-26 09:33:57 --> User IP: ::1
DEBUG - 2025-09-26 09:34:05 --> Session: Class initialized using 'CodeIgniter\Session\Handlers\FileHandler' driver.
DEBUG - 2025-09-26 09:34:05 --> User IP: ::1
DEBUG - 2025-09-26 09:34:05 --> Session: Class initialized using 'CodeIgniter\Session\Handlers\FileHandler' driver.
DEBUG - 2025-09-26 09:34:05 --> User IP: ::1
DEBUG - 2025-09-26 09:34:10 --> Session: Class initialized using 'CodeIgniter\Session\Handlers\FileHandler' driver.
DEBUG - 2025-09-26 09:34:10 --> User IP: ::1
DEBUG - 2025-09-26 09:34:11 --> Session: Class initialized using 'CodeIgniter\Session\Handlers\FileHandler' driver.
DEBUG - 2025-09-26 09:34:11 --> User IP: ::1
DEBUG - 2025-09-26 09:34:17 --> Session: Class initialized using 'CodeIgniter\Session\Handlers\FileHandler' driver.
DEBUG - 2025-09-26 09:34:17 --> User IP: ::1
DEBUG - 2025-09-26 09:34:18 --> Session: Class initialized using 'CodeIgniter\Session\Handlers\FileHandler' driver.
DEBUG - 2025-09-26 09:34:18 --> User IP: ::1
DEBUG - 2025-09-26 09:35:06 --> Session: Class initialized using 'CodeIgniter\Session\Handlers\FileHandler' driver.
DEBUG - 2025-09-26 09:35:06 --> User IP: ::1
DEBUG - 2025-09-26 09:35:06 --> Session: Class initialized using 'CodeIgniter\Session\Handlers\FileHandler' driver.
DEBUG - 2025-09-26 09:35:06 --> User IP: ::1
DEBUG - 2025-09-26 09:35:14 --> Session: Class initialized using 'CodeIgniter\Session\Handlers\FileHandler' driver.
DEBUG - 2025-09-26 09:35:14 --> User IP: ::1
DEBUG - 2025-09-26 09:35:14 --> Session: Class initialized using 'CodeIgniter\Session\Handlers\FileHandler' driver.
DEBUG - 2025-09-26 09:35:14 --> User IP: ::1
DEBUG - 2025-09-26 09:35:28 --> Session: Class initialized using 'CodeIgniter\Session\Handlers\FileHandler' driver.
DEBUG - 2025-09-26 09:35:28 --> User IP: ::1
DEBUG - 2025-09-26 09:35:29 --> Session: Class initialized using 'CodeIgniter\Session\Handlers\FileHandler' driver.
DEBUG - 2025-09-26 09:35:29 --> User IP: ::1
DEBUG - 2025-09-26 09:35:53 --> Session: Class initialized using 'CodeIgniter\Session\Handlers\FileHandler' driver.
DEBUG - 2025-09-26 09:35:53 --> User IP: ::1
DEBUG - 2025-09-26 09:35:54 --> Session: Class initialized using 'CodeIgniter\Session\Handlers\FileHandler' driver.
DEBUG - 2025-09-26 09:35:54 --> User IP: ::1
DEBUG - 2025-09-26 09:38:07 --> Session: Class initialized using 'CodeIgniter\Session\Handlers\FileHandler' driver.
DEBUG - 2025-09-26 09:38:07 --> User IP: ::1
DEBUG - 2025-09-26 09:38:07 --> Session: Class initialized using 'CodeIgniter\Session\Handlers\FileHandler' driver.
DEBUG - 2025-09-26 09:38:07 --> User IP: ::1
DEBUG - 2025-09-26 09:39:18 --> Session: Class initialized using 'CodeIgniter\Session\Handlers\FileHandler' driver.
DEBUG - 2025-09-26 09:39:18 --> User IP: ::1
DEBUG - 2025-09-26 09:39:18 --> Session: Class initialized using 'CodeIgniter\Session\Handlers\FileHandler' driver.
DEBUG - 2025-09-26 09:39:18 --> User IP: ::1
DEBUG - 2025-09-26 09:39:31 --> Session: Class initialized using 'CodeIgniter\Session\Handlers\FileHandler' driver.
DEBUG - 2025-09-26 09:39:31 --> User IP: ::1
DEBUG - 2025-09-26 09:39:32 --> Session: Class initialized using 'CodeIgniter\Session\Handlers\FileHandler' driver.
DEBUG - 2025-09-26 09:39:32 --> User IP: ::1
DEBUG - 2025-09-26 09:39:49 --> Session: Class initialized using 'CodeIgniter\Session\Handlers\FileHandler' driver.
DEBUG - 2025-09-26 09:39:49 --> User IP: ::1
DEBUG - 2025-09-26 09:39:50 --> Session: Class initialized using 'CodeIgniter\Session\Handlers\FileHandler' driver.
DEBUG - 2025-09-26 09:39:50 --> User IP: ::1
DEBUG - 2025-09-26 09:40:33 --> Session: Class initialized using 'CodeIgniter\Session\Handlers\FileHandler' driver.
DEBUG - 2025-09-26 09:40:33 --> User IP: ::1
DEBUG - 2025-09-26 09:40:34 --> Session: Class initialized using 'CodeIgniter\Session\Handlers\FileHandler' driver.
DEBUG - 2025-09-26 09:40:34 --> User IP: ::1
DEBUG - 2025-09-26 09:40:40 --> Session: Class initialized using 'CodeIgniter\Session\Handlers\FileHandler' driver.
DEBUG - 2025-09-26 09:40:40 --> User IP: ::1
DEBUG - 2025-09-26 09:40:41 --> Session: Class initialized using 'CodeIgniter\Session\Handlers\FileHandler' driver.
DEBUG - 2025-09-26 09:40:41 --> User IP: ::1
DEBUG - 2025-09-26 09:40:49 --> Session: Class initialized using 'CodeIgniter\Session\Handlers\FileHandler' driver.
DEBUG - 2025-09-26 09:40:49 --> User IP: ::1
DEBUG - 2025-09-26 09:40:50 --> Session: Class initialized using 'CodeIgniter\Session\Handlers\FileHandler' driver.
DEBUG - 2025-09-26 09:40:50 --> User IP: ::1
DEBUG - 2025-09-26 09:42:28 --> Session: Class initialized using 'CodeIgniter\Session\Handlers\FileHandler' driver.
DEBUG - 2025-09-26 09:42:28 --> User IP: ::1
DEBUG - 2025-09-26 09:42:29 --> Session: Class initialized using 'CodeIgniter\Session\Handlers\FileHandler' driver.
DEBUG - 2025-09-26 09:42:29 --> User IP: ::1
DEBUG - 2025-09-26 09:43:02 --> Session: Class initialized using 'CodeIgniter\Session\Handlers\FileHandler' driver.
DEBUG - 2025-09-26 09:43:02 --> User IP: ::1
DEBUG - 2025-09-26 09:43:03 --> Session: Class initialized using 'CodeIgniter\Session\Handlers\FileHandler' driver.
DEBUG - 2025-09-26 09:43:03 --> User IP: ::1
DEBUG - 2025-09-26 09:43:21 --> Session: Class initialized using 'CodeIgniter\Session\Handlers\FileHandler' driver.
DEBUG - 2025-09-26 09:43:21 --> User IP: ::1
DEBUG - 2025-09-26 09:43:22 --> Session: Class initialized using 'CodeIgniter\Session\Handlers\FileHandler' driver.
DEBUG - 2025-09-26 09:43:22 --> User IP: ::1
DEBUG - 2025-09-26 09:44:38 --> Session: Class initialized using 'CodeIgniter\Session\Handlers\FileHandler' driver.
DEBUG - 2025-09-26 09:44:38 --> User IP: ::1
DEBUG - 2025-09-26 09:44:39 --> Session: Class initialized using 'CodeIgniter\Session\Handlers\FileHandler' driver.
DEBUG - 2025-09-26 09:44:39 --> User IP: ::1
DEBUG - 2025-09-26 09:44:59 --> Session: Class initialized using 'CodeIgniter\Session\Handlers\FileHandler' driver.
DEBUG - 2025-09-26 09:44:59 --> User IP: ::1
DEBUG - 2025-09-26 09:44:59 --> Session: Class initialized using 'CodeIgniter\Session\Handlers\FileHandler' driver.
DEBUG - 2025-09-26 09:44:59 --> User IP: ::1
DEBUG - 2025-09-26 09:45:12 --> Session: Class initialized using 'CodeIgniter\Session\Handlers\FileHandler' driver.
DEBUG - 2025-09-26 09:45:12 --> User IP: ::1
DEBUG - 2025-09-26 09:45:12 --> Session: Class initialized using 'CodeIgniter\Session\Handlers\FileHandler' driver.
DEBUG - 2025-09-26 09:45:12 --> User IP: ::1
DEBUG - 2025-09-26 09:45:59 --> Session: Class initialized using 'CodeIgniter\Session\Handlers\FileHandler' driver.
DEBUG - 2025-09-26 09:45:59 --> User IP: ::1
DEBUG - 2025-09-26 09:46:00 --> Session: Class initialized using 'CodeIgniter\Session\Handlers\FileHandler' driver.
DEBUG - 2025-09-26 09:46:00 --> User IP: ::1
DEBUG - 2025-09-26 09:46:30 --> Session: Class initialized using 'CodeIgniter\Session\Handlers\FileHandler' driver.
DEBUG - 2025-09-26 09:46:30 --> User IP: ::1
DEBUG - 2025-09-26 09:46:35 --> Session: Class initialized using 'CodeIgniter\Session\Handlers\FileHandler' driver.
DEBUG - 2025-09-26 09:46:35 --> User IP: ::1
DEBUG - 2025-09-26 09:46:58 --> Session: Class initialized using 'CodeIgniter\Session\Handlers\FileHandler' driver.
DEBUG - 2025-09-26 09:46:58 --> User IP: ::1
DEBUG - 2025-09-26 09:46:59 --> Session: Class initialized using 'CodeIgniter\Session\Handlers\FileHandler' driver.
DEBUG - 2025-09-26 09:46:59 --> User IP: ::1
DEBUG - 2025-09-26 09:47:18 --> Session: Class initialized using 'CodeIgniter\Session\Handlers\FileHandler' driver.
DEBUG - 2025-09-26 09:47:18 --> User IP: ::1
DEBUG - 2025-09-26 09:47:19 --> Session: Class initialized using 'CodeIgniter\Session\Handlers\FileHandler' driver.
DEBUG - 2025-09-26 09:47:19 --> User IP: ::1
DEBUG - 2025-09-26 09:47:27 --> Session: Class initialized using 'CodeIgniter\Session\Handlers\FileHandler' driver.
DEBUG - 2025-09-26 09:47:27 --> User IP: ::1
DEBUG - 2025-09-26 09:47:28 --> Session: Class initialized using 'CodeIgniter\Session\Handlers\FileHandler' driver.
DEBUG - 2025-09-26 09:47:28 --> User IP: ::1
DEBUG - 2025-09-26 09:47:33 --> Session: Class initialized using 'CodeIgniter\Session\Handlers\FileHandler' driver.
DEBUG - 2025-09-26 09:47:33 --> User IP: ::1
DEBUG - 2025-09-26 09:47:34 --> Session: Class initialized using 'CodeIgniter\Session\Handlers\FileHandler' driver.
DEBUG - 2025-09-26 09:47:34 --> User IP: ::1
DEBUG - 2025-09-26 09:50:27 --> Session: Class initialized using 'CodeIgniter\Session\Handlers\FileHandler' driver.
DEBUG - 2025-09-26 09:50:27 --> User IP: ::1
DEBUG - 2025-09-26 09:50:31 --> Session: Class initialized using 'CodeIgniter\Session\Handlers\FileHandler' driver.
DEBUG - 2025-09-26 09:50:31 --> User IP: ::1
DEBUG - 2025-09-26 09:52:32 --> Session: Class initialized using 'CodeIgniter\Session\Handlers\FileHandler' driver.
DEBUG - 2025-09-26 09:52:32 --> User IP: ::1
DEBUG - 2025-09-26 09:52:37 --> Session: Class initialized using 'CodeIgniter\Session\Handlers\FileHandler' driver.
DEBUG - 2025-09-26 09:52:37 --> User IP: ::1
DEBUG - 2025-09-26 09:54:08 --> Session: Class initialized using 'CodeIgniter\Session\Handlers\FileHandler' driver.
DEBUG - 2025-09-26 09:54:08 --> User IP: ::1
DEBUG - 2025-09-26 09:54:12 --> Session: Class initialized using 'CodeIgniter\Session\Handlers\FileHandler' driver.
DEBUG - 2025-09-26 09:54:12 --> User IP: ::1
DEBUG - 2025-09-26 10:01:19 --> Session: Class initialized using 'CodeIgniter\Session\Handlers\FileHandler' driver.
DEBUG - 2025-09-26 10:01:19 --> User IP: ::1
DEBUG - 2025-09-26 10:01:19 --> Session: Class initialized using 'CodeIgniter\Session\Handlers\FileHandler' driver.
DEBUG - 2025-09-26 10:01:19 --> User IP: ::1
DEBUG - 2025-09-26 10:20:18 --> Session: Class initialized using 'CodeIgniter\Session\Handlers\FileHandler' driver.
DEBUG - 2025-09-26 10:20:18 --> User IP: ::1
DEBUG - 2025-09-26 10:20:18 --> Session: Class initialized using 'CodeIgniter\Session\Handlers\FileHandler' driver.
DEBUG - 2025-09-26 10:20:18 --> User IP: ::1
DEBUG - 2025-09-26 10:20:22 --> Session: Class initialized using 'CodeIgniter\Session\Handlers\FileHandler' driver.
DEBUG - 2025-09-26 10:20:36 --> Session: Class initialized using 'CodeIgniter\Session\Handlers\FileHandler' driver.
DEBUG - 2025-09-26 10:20:39 --> Session: Class initialized using 'CodeIgniter\Session\Handlers\FileHandler' driver.
DEBUG - 2025-09-26 10:20:41 --> Session: Class initialized using 'CodeIgniter\Session\Handlers\FileHandler' driver.
DEBUG - 2025-09-26 10:20:41 --> User IP: ::1
DEBUG - 2025-09-26 10:20:42 --> Session: Class initialized using 'CodeIgniter\Session\Handlers\FileHandler' driver.
DEBUG - 2025-09-26 10:20:42 --> User IP: ::1
DEBUG - 2025-09-26 10:20:44 --> Session: Class initialized using 'CodeIgniter\Session\Handlers\FileHandler' driver.
DEBUG - 2025-09-26 10:20:44 --> User IP: ::1
CRITICAL - 2025-09-26 10:20:44 --> ErrorException: Undefined variable $thisPage
[Method: GET, Route: hrcontroller/ShowingLeaveRequests]
in APPPATH\Views\templates\header.php on line 273.
 1 APPPATH\Views\templates\header.php(273): CodeIgniter\Debug\Exceptions->errorHandler(2, 'Undefined variable $thisPage', 'C:\\xampp\\htdocs\\gighz-people\\app\\Views\\templates\\header.php', 273)
 2 SYSTEMPATH\View\View.php(234): include('C:\\xampp\\htdocs\\gighz-people\\app\\Views\\templates\\header.php')
 3 SYSTEMPATH\View\View.php(237): CodeIgniter\View\View->CodeIgniter\View\{closure}()
 4 SYSTEMPATH\Common.php(1171): CodeIgniter\View\View->render('templates/header', [], true)
 5 APPPATH\Controllers\HRController.php(333): view('templates/header', [...])
 6 SYSTEMPATH\CodeIgniter.php(933): App\Controllers\HRController->ShowingLeaveRequests()
 7 SYSTEMPATH\CodeIgniter.php(509): CodeIgniter\CodeIgniter->runController(Object(App\Controllers\HRController))
 8 SYSTEMPATH\CodeIgniter.php(355): CodeIgniter\CodeIgniter->handleRequest(null, Object(Config\Cache), false)
 9 SYSTEMPATH\Boot.php(334): CodeIgniter\CodeIgniter->run()
10 SYSTEMPATH\Boot.php(67): CodeIgniter\Boot::runCodeIgniter(Object(CodeIgniter\CodeIgniter))
11 FCPATH\index.php(56): CodeIgniter\Boot::bootWeb(Object(Config\Paths))
DEBUG - 2025-09-26 10:21:07 --> Session: Class initialized using 'CodeIgniter\Session\Handlers\FileHandler' driver.
DEBUG - 2025-09-26 10:21:07 --> User IP: ::1
CRITICAL - 2025-09-26 10:21:07 --> ErrorException: Undefined variable $thisPage
[Method: GET, Route: hrcontroller/ShowingLeaveRequests]
in APPPATH\Views\templates\header.php on line 273.
 1 APPPATH\Views\templates\header.php(273): CodeIgniter\Debug\Exceptions->errorHandler(2, 'Undefined variable $thisPage', 'C:\\xampp\\htdocs\\gighz-people\\app\\Views\\templates\\header.php', 273)
 2 SYSTEMPATH\View\View.php(234): include('C:\\xampp\\htdocs\\gighz-people\\app\\Views\\templates\\header.php')
 3 SYSTEMPATH\View\View.php(237): CodeIgniter\View\View->CodeIgniter\View\{closure}()
 4 SYSTEMPATH\Common.php(1171): CodeIgniter\View\View->render('templates/header', [], true)
 5 APPPATH\Controllers\HRController.php(333): view('templates/header', [...])
 6 SYSTEMPATH\CodeIgniter.php(933): App\Controllers\HRController->ShowingLeaveRequests()
 7 SYSTEMPATH\CodeIgniter.php(509): CodeIgniter\CodeIgniter->runController(Object(App\Controllers\HRController))
 8 SYSTEMPATH\CodeIgniter.php(355): CodeIgniter\CodeIgniter->handleRequest(null, Object(Config\Cache), false)
 9 SYSTEMPATH\Boot.php(334): CodeIgniter\CodeIgniter->run()
10 SYSTEMPATH\Boot.php(67): CodeIgniter\Boot::runCodeIgniter(Object(CodeIgniter\CodeIgniter))
11 FCPATH\index.php(56): CodeIgniter\Boot::bootWeb(Object(Config\Paths))
DEBUG - 2025-09-26 10:21:13 --> Session: Class initialized using 'CodeIgniter\Session\Handlers\FileHandler' driver.
DEBUG - 2025-09-26 10:21:13 --> User IP: ::1
CRITICAL - 2025-09-26 10:21:13 --> ErrorException: Undefined variable $thisPage
[Method: GET, Route: hrcontroller/ShowingLeaveRequests]
in APPPATH\Views\templates\header.php on line 273.
 1 APPPATH\Views\templates\header.php(273): CodeIgniter\Debug\Exceptions->errorHandler(2, 'Undefined variable $thisPage', 'C:\\xampp\\htdocs\\gighz-people\\app\\Views\\templates\\header.php', 273)
 2 SYSTEMPATH\View\View.php(234): include('C:\\xampp\\htdocs\\gighz-people\\app\\Views\\templates\\header.php')
 3 SYSTEMPATH\View\View.php(237): CodeIgniter\View\View->CodeIgniter\View\{closure}()
 4 SYSTEMPATH\Common.php(1171): CodeIgniter\View\View->render('templates/header', [], true)
 5 APPPATH\Controllers\HRController.php(333): view('templates/header', [...])
 6 SYSTEMPATH\CodeIgniter.php(933): App\Controllers\HRController->ShowingLeaveRequests()
 7 SYSTEMPATH\CodeIgniter.php(509): CodeIgniter\CodeIgniter->runController(Object(App\Controllers\HRController))
 8 SYSTEMPATH\CodeIgniter.php(355): CodeIgniter\CodeIgniter->handleRequest(null, Object(Config\Cache), false)
 9 SYSTEMPATH\Boot.php(334): CodeIgniter\CodeIgniter->run()
10 SYSTEMPATH\Boot.php(67): CodeIgniter\Boot::runCodeIgniter(Object(CodeIgniter\CodeIgniter))
11 FCPATH\index.php(56): CodeIgniter\Boot::bootWeb(Object(Config\Paths))
DEBUG - 2025-09-26 10:22:31 --> Session: Class initialized using 'CodeIgniter\Session\Handlers\FileHandler' driver.
DEBUG - 2025-09-26 10:22:31 --> User IP: ::1
CRITICAL - 2025-09-26 10:22:31 --> Error: Object of class App\Controllers\Dashboard could not be converted to string
[Method: GET, Route: hrcontroller/ShowingLeaveRequests]
in APPPATH\Controllers\HRController.php on line 322.
 1 SYSTEMPATH\CodeIgniter.php(933): App\Controllers\HRController->ShowingLeaveRequests()
 2 SYSTEMPATH\CodeIgniter.php(509): CodeIgniter\CodeIgniter->runController(Object(App\Controllers\HRController))
 3 SYSTEMPATH\CodeIgniter.php(355): CodeIgniter\CodeIgniter->handleRequest(null, Object(Config\Cache), false)
 4 SYSTEMPATH\Boot.php(334): CodeIgniter\CodeIgniter->run()
 5 SYSTEMPATH\Boot.php(67): CodeIgniter\Boot::runCodeIgniter(Object(CodeIgniter\CodeIgniter))
 6 FCPATH\index.php(56): CodeIgniter\Boot::bootWeb(Object(Config\Paths))
DEBUG - 2025-09-26 10:22:40 --> Session: Class initialized using 'CodeIgniter\Session\Handlers\FileHandler' driver.
DEBUG - 2025-09-26 10:22:40 --> User IP: ::1
DEBUG - 2025-09-26 11:16:28 --> Session: Class initialized using 'CodeIgniter\Session\Handlers\FileHandler' driver.
DEBUG - 2025-09-26 11:16:28 --> User IP: ::1
DEBUG - 2025-09-26 11:26:29 --> Session: Class initialized using 'CodeIgniter\Session\Handlers\FileHandler' driver.
DEBUG - 2025-09-26 11:26:29 --> User IP: ::1
DEBUG - 2025-09-26 11:33:19 --> Session: Class initialized using 'CodeIgniter\Session\Handlers\FileHandler' driver.
DEBUG - 2025-09-26 11:33:19 --> User IP: ::1
DEBUG - 2025-09-26 11:33:30 --> Session: Class initialized using 'CodeIgniter\Session\Handlers\FileHandler' driver.
DEBUG - 2025-09-26 11:33:30 --> User IP: ::1
DEBUG - 2025-09-26 11:34:09 --> Session: Class initialized using 'CodeIgniter\Session\Handlers\FileHandler' driver.
DEBUG - 2025-09-26 11:34:09 --> User IP: ::1
DEBUG - 2025-09-26 11:34:55 --> Session: Class initialized using 'CodeIgniter\Session\Handlers\FileHandler' driver.
DEBUG - 2025-09-26 11:34:55 --> User IP: ::1
DEBUG - 2025-09-26 11:34:59 --> Session: Class initialized using 'CodeIgniter\Session\Handlers\FileHandler' driver.
DEBUG - 2025-09-26 11:34:59 --> User IP: ::1
DEBUG - 2025-09-26 11:35:30 --> Session: Class initialized using 'CodeIgniter\Session\Handlers\FileHandler' driver.
DEBUG - 2025-09-26 11:35:30 --> User IP: ::1
DEBUG - 2025-09-26 11:35:41 --> Session: Class initialized using 'CodeIgniter\Session\Handlers\FileHandler' driver.
DEBUG - 2025-09-26 11:35:41 --> User IP: ::1
DEBUG - 2025-09-26 11:35:50 --> Session: Class initialized using 'CodeIgniter\Session\Handlers\FileHandler' driver.
DEBUG - 2025-09-26 11:35:50 --> User IP: ::1
DEBUG - 2025-09-26 11:35:52 --> Session: Class initialized using 'CodeIgniter\Session\Handlers\FileHandler' driver.
DEBUG - 2025-09-26 11:35:52 --> User IP: ::1
DEBUG - 2025-09-26 11:36:39 --> Session: Class initialized using 'CodeIgniter\Session\Handlers\FileHandler' driver.
DEBUG - 2025-09-26 11:36:39 --> User IP: ::1
DEBUG - 2025-09-26 11:36:44 --> Session: Class initialized using 'CodeIgniter\Session\Handlers\FileHandler' driver.
DEBUG - 2025-09-26 11:36:44 --> User IP: ::1
DEBUG - 2025-09-26 11:37:50 --> Session: Class initialized using 'CodeIgniter\Session\Handlers\FileHandler' driver.
DEBUG - 2025-09-26 11:37:50 --> User IP: ::1
DEBUG - 2025-09-26 11:38:01 --> Session: Class initialized using 'CodeIgniter\Session\Handlers\FileHandler' driver.
DEBUG - 2025-09-26 11:38:01 --> User IP: ::1
DEBUG - 2025-09-26 11:39:46 --> Session: Class initialized using 'CodeIgniter\Session\Handlers\FileHandler' driver.
DEBUG - 2025-09-26 11:39:46 --> User IP: ::1
DEBUG - 2025-09-26 11:39:57 --> Session: Class initialized using 'CodeIgniter\Session\Handlers\FileHandler' driver.
DEBUG - 2025-09-26 11:39:57 --> User IP: ::1
DEBUG - 2025-09-26 11:40:55 --> Session: Class initialized using 'CodeIgniter\Session\Handlers\FileHandler' driver.
DEBUG - 2025-09-26 11:40:55 --> User IP: ::1
DEBUG - 2025-09-26 11:40:59 --> Session: Class initialized using 'CodeIgniter\Session\Handlers\FileHandler' driver.
DEBUG - 2025-09-26 11:40:59 --> User IP: ::1
DEBUG - 2025-09-26 11:43:31 --> Session: Class initialized using 'CodeIgniter\Session\Handlers\FileHandler' driver.
DEBUG - 2025-09-26 11:43:31 --> User IP: ::1
DEBUG - 2025-09-26 11:43:32 --> Session: Class initialized using 'CodeIgniter\Session\Handlers\FileHandler' driver.
DEBUG - 2025-09-26 11:43:32 --> User IP: ::1
DEBUG - 2025-09-26 11:43:41 --> Session: Class initialized using 'CodeIgniter\Session\Handlers\FileHandler' driver.
DEBUG - 2025-09-26 11:43:41 --> User IP: ::1
DEBUG - 2025-09-26 11:43:42 --> Session: Class initialized using 'CodeIgniter\Session\Handlers\FileHandler' driver.
DEBUG - 2025-09-26 11:43:42 --> User IP: ::1
DEBUG - 2025-09-26 11:44:36 --> Session: Class initialized using 'CodeIgniter\Session\Handlers\FileHandler' driver.
DEBUG - 2025-09-26 11:44:36 --> User IP: ::1
DEBUG - 2025-09-26 11:44:47 --> Session: Class initialized using 'CodeIgniter\Session\Handlers\FileHandler' driver.
DEBUG - 2025-09-26 11:44:47 --> User IP: ::1
DEBUG - 2025-09-26 11:45:10 --> Session: Class initialized using 'CodeIgniter\Session\Handlers\FileHandler' driver.
DEBUG - 2025-09-26 11:45:10 --> User IP: ::1
DEBUG - 2025-09-26 11:45:22 --> Session: Class initialized using 'CodeIgniter\Session\Handlers\FileHandler' driver.
DEBUG - 2025-09-26 11:45:22 --> User IP: ::1
DEBUG - 2025-09-26 11:46:33 --> Session: Class initialized using 'CodeIgniter\Session\Handlers\FileHandler' driver.
DEBUG - 2025-09-26 11:46:33 --> User IP: ::1
DEBUG - 2025-09-26 11:46:44 --> Session: Class initialized using 'CodeIgniter\Session\Handlers\FileHandler' driver.
DEBUG - 2025-09-26 11:46:44 --> User IP: ::1
DEBUG - 2025-09-26 11:47:02 --> Session: Class initialized using 'CodeIgniter\Session\Handlers\FileHandler' driver.
DEBUG - 2025-09-26 11:47:02 --> User IP: ::1
DEBUG - 2025-09-26 11:47:38 --> Session: Class initialized using 'CodeIgniter\Session\Handlers\FileHandler' driver.
DEBUG - 2025-09-26 11:47:38 --> User IP: ::1
DEBUG - 2025-09-26 11:47:40 --> Session: Class initialized using 'CodeIgniter\Session\Handlers\FileHandler' driver.
DEBUG - 2025-09-26 11:47:40 --> User IP: ::1
DEBUG - 2025-09-26 11:50:05 --> Session: Class initialized using 'CodeIgniter\Session\Handlers\FileHandler' driver.
DEBUG - 2025-09-26 11:50:05 --> User IP: ::1
DEBUG - 2025-09-26 11:50:16 --> Session: Class initialized using 'CodeIgniter\Session\Handlers\FileHandler' driver.
DEBUG - 2025-09-26 11:50:16 --> User IP: ::1
DEBUG - 2025-09-26 11:51:34 --> Session: Class initialized using 'CodeIgniter\Session\Handlers\FileHandler' driver.
DEBUG - 2025-09-26 11:51:34 --> User IP: ::1
DEBUG - 2025-09-26 11:51:38 --> Session: Class initialized using 'CodeIgniter\Session\Handlers\FileHandler' driver.
DEBUG - 2025-09-26 11:51:38 --> User IP: ::1
DEBUG - 2025-09-26 11:52:21 --> Session: Class initialized using 'CodeIgniter\Session\Handlers\FileHandler' driver.
DEBUG - 2025-09-26 11:52:21 --> User IP: ::1
DEBUG - 2025-09-26 11:52:32 --> Session: Class initialized using 'CodeIgniter\Session\Handlers\FileHandler' driver.
DEBUG - 2025-09-26 11:52:32 --> User IP: ::1
DEBUG - 2025-09-26 11:54:03 --> Session: Class initialized using 'CodeIgniter\Session\Handlers\FileHandler' driver.
DEBUG - 2025-09-26 11:54:03 --> User IP: ::1
DEBUG - 2025-09-26 11:54:15 --> Session: Class initialized using 'CodeIgniter\Session\Handlers\FileHandler' driver.
DEBUG - 2025-09-26 11:54:15 --> User IP: ::1
DEBUG - 2025-09-26 12:03:28 --> Session: Class initialized using 'CodeIgniter\Session\Handlers\FileHandler' driver.
DEBUG - 2025-09-26 12:03:28 --> User IP: ::1
DEBUG - 2025-09-26 12:03:29 --> Session: Class initialized using 'CodeIgniter\Session\Handlers\FileHandler' driver.
DEBUG - 2025-09-26 12:03:29 --> User IP: ::1
DEBUG - 2025-09-26 12:03:51 --> Session: Class initialized using 'CodeIgniter\Session\Handlers\FileHandler' driver.
DEBUG - 2025-09-26 12:03:51 --> User IP: ::1
DEBUG - 2025-09-26 12:03:51 --> Session: Class initialized using 'CodeIgniter\Session\Handlers\FileHandler' driver.
DEBUG - 2025-09-26 12:03:51 --> User IP: ::1
DEBUG - 2025-09-26 12:03:53 --> Session: Class initialized using 'CodeIgniter\Session\Handlers\FileHandler' driver.
DEBUG - 2025-09-26 12:03:53 --> User IP: ::1
DEBUG - 2025-09-26 12:03:54 --> Session: Class initialized using 'CodeIgniter\Session\Handlers\FileHandler' driver.
DEBUG - 2025-09-26 12:03:54 --> User IP: ::1
DEBUG - 2025-09-26 12:03:59 --> Session: Class initialized using 'CodeIgniter\Session\Handlers\FileHandler' driver.
DEBUG - 2025-09-26 12:03:59 --> User IP: ::1
DEBUG - 2025-09-26 12:03:59 --> Session: Class initialized using 'CodeIgniter\Session\Handlers\FileHandler' driver.
DEBUG - 2025-09-26 12:03:59 --> User IP: ::1
DEBUG - 2025-09-26 12:04:45 --> Session: Class initialized using 'CodeIgniter\Session\Handlers\FileHandler' driver.
DEBUG - 2025-09-26 12:04:45 --> User IP: ::1
DEBUG - 2025-09-26 12:04:46 --> Session: Class initialized using 'CodeIgniter\Session\Handlers\FileHandler' driver.
DEBUG - 2025-09-26 12:04:46 --> User IP: ::1
DEBUG - 2025-09-26 12:06:46 --> Session: Class initialized using 'CodeIgniter\Session\Handlers\FileHandler' driver.
DEBUG - 2025-09-26 12:06:46 --> User IP: ::1
DEBUG - 2025-09-26 12:06:46 --> Session: Class initialized using 'CodeIgniter\Session\Handlers\FileHandler' driver.
DEBUG - 2025-09-26 12:06:46 --> User IP: ::1
DEBUG - 2025-09-26 12:08:02 --> Session: Class initialized using 'CodeIgniter\Session\Handlers\FileHandler' driver.
DEBUG - 2025-09-26 12:08:02 --> User IP: ::1
DEBUG - 2025-09-26 12:08:03 --> Session: Class initialized using 'CodeIgniter\Session\Handlers\FileHandler' driver.
DEBUG - 2025-09-26 12:08:03 --> User IP: ::1
DEBUG - 2025-09-26 12:08:06 --> Session: Class initialized using 'CodeIgniter\Session\Handlers\FileHandler' driver.
DEBUG - 2025-09-26 12:08:39 --> Session: Class initialized using 'CodeIgniter\Session\Handlers\FileHandler' driver.
DEBUG - 2025-09-26 12:08:40 --> Session: Class initialized using 'CodeIgniter\Session\Handlers\FileHandler' driver.
DEBUG - 2025-09-26 12:08:40 --> User IP: ::1
DEBUG - 2025-09-26 12:08:40 --> Session: Class initialized using 'CodeIgniter\Session\Handlers\FileHandler' driver.
DEBUG - 2025-09-26 12:08:40 --> User IP: ::1
DEBUG - 2025-09-26 12:08:42 --> Session: Class initialized using 'CodeIgniter\Session\Handlers\FileHandler' driver.
DEBUG - 2025-09-26 12:08:42 --> User IP: ::1
DEBUG - 2025-09-26 12:08:42 --> Session: Class initialized using 'CodeIgniter\Session\Handlers\FileHandler' driver.
DEBUG - 2025-09-26 12:08:42 --> User IP: ::1
DEBUG - 2025-09-26 12:08:49 --> Session: Class initialized using 'CodeIgniter\Session\Handlers\FileHandler' driver.
DEBUG - 2025-09-26 12:08:49 --> User IP: ::1
DEBUG - 2025-09-26 12:08:49 --> Session: Class initialized using 'CodeIgniter\Session\Handlers\FileHandler' driver.
DEBUG - 2025-09-26 12:08:49 --> User IP: ::1
DEBUG - 2025-09-26 12:09:48 --> Session: Class initialized using 'CodeIgniter\Session\Handlers\FileHandler' driver.
DEBUG - 2025-09-26 12:09:48 --> User IP: ::1
DEBUG - 2025-09-26 12:09:48 --> Session: Class initialized using 'CodeIgniter\Session\Handlers\FileHandler' driver.
DEBUG - 2025-09-26 12:09:48 --> User IP: ::1
DEBUG - 2025-09-26 12:10:18 --> Session: Class initialized using 'CodeIgniter\Session\Handlers\FileHandler' driver.
DEBUG - 2025-09-26 12:12:46 --> Session: Class initialized using 'CodeIgniter\Session\Handlers\FileHandler' driver.
DEBUG - 2025-09-26 12:12:46 --> User IP: ::1
DEBUG - 2025-09-26 12:12:47 --> Session: Class initialized using 'CodeIgniter\Session\Handlers\FileHandler' driver.
DEBUG - 2025-09-26 12:12:47 --> User IP: ::1
DEBUG - 2025-09-26 12:12:48 --> Session: Class initialized using 'CodeIgniter\Session\Handlers\FileHandler' driver.
DEBUG - 2025-09-26 12:12:48 --> User IP: ::1
DEBUG - 2025-09-26 12:12:49 --> Session: Class initialized using 'CodeIgniter\Session\Handlers\FileHandler' driver.
DEBUG - 2025-09-26 12:12:49 --> User IP: ::1
DEBUG - 2025-09-26 12:12:51 --> Session: Class initialized using 'CodeIgniter\Session\Handlers\FileHandler' driver.
DEBUG - 2025-09-26 12:12:51 --> User IP: ::1
ERROR - 2025-09-26 12:12:51 --> mysqli_sql_exception: You have an error in your SQL syntax; check the manual that corresponds to your MySQL server version for the right syntax to use near '? and  ?' at line 1 in C:\xampp\htdocs\gighz-people\system\Database\MySQLi\Connection.php:312
Stack trace:
#0 C:\xampp\htdocs\gighz-people\system\Database\MySQLi\Connection.php(312): mysqli->query('SELECT * FROM t...', 0)
#1 C:\xampp\htdocs\gighz-people\system\Database\BaseConnection.php(734): CodeIgniter\Database\MySQLi\Connection->execute('SELECT * FROM t...')
#2 C:\xampp\htdocs\gighz-people\system\Database\BaseConnection.php(648): CodeIgniter\Database\BaseConnection->simpleQuery('SELECT * FROM t...')
#3 C:\xampp\htdocs\gighz-people\app\Controllers\HRController.php(172): CodeIgniter\Database\BaseConnection->query('SELECT * FROM t...')
#4 C:\xampp\htdocs\gighz-people\system\CodeIgniter.php(933): App\Controllers\HRController->change_status('153', 'approved', 'GZ44', 'undefined')
#5 C:\xampp\htdocs\gighz-people\system\CodeIgniter.php(509): CodeIgniter\CodeIgniter->runController(Object(App\Controllers\HRController))
#6 C:\xampp\htdocs\gighz-people\system\CodeIgniter.php(355): CodeIgniter\CodeIgniter->handleRequest(NULL, Object(Config\Cache), false)
#7 C:\xampp\htdocs\gighz-people\system\Boot.php(334): CodeIgniter\CodeIgniter->run()
#8 C:\xampp\htdocs\gighz-people\system\Boot.php(67): CodeIgniter\Boot::runCodeIgniter(Object(CodeIgniter\CodeIgniter))
#9 C:\xampp\htdocs\gighz-people\public\index.php(56): CodeIgniter\Boot::bootWeb(Object(Config\Paths))
#10 {main}
CRITICAL - 2025-09-26 12:12:51 --> CodeIgniter\Database\Exceptions\DatabaseException: You have an error in your SQL syntax; check the manual that corresponds to your MySQL server version for the right syntax to use near '? and  ?' at line 1
[Method: GET, Route: hrcontroller/change_status/153/approved/GZ44/undefined]
in SYSTEMPATH\Database\BaseConnection.php on line 688.
 1 APPPATH\Controllers\HRController.php(172): CodeIgniter\Database\BaseConnection->query('SELECT * FROM tbl_lop WHERE lop_date between ? and  ?')
 2 SYSTEMPATH\CodeIgniter.php(933): App\Controllers\HRController->change_status('153', 'approved', 'GZ44', 'undefined')
 3 SYSTEMPATH\CodeIgniter.php(509): CodeIgniter\CodeIgniter->runController(Object(App\Controllers\HRController))
 4 SYSTEMPATH\CodeIgniter.php(355): CodeIgniter\CodeIgniter->handleRequest(null, Object(Config\Cache), false)
 5 SYSTEMPATH\Boot.php(334): CodeIgniter\CodeIgniter->run()
 6 SYSTEMPATH\Boot.php(67): CodeIgniter\Boot::runCodeIgniter(Object(CodeIgniter\CodeIgniter))
 7 FCPATH\index.php(56): CodeIgniter\Boot::bootWeb(Object(Config\Paths))
CRITICAL - 2025-09-26 12:12:51 --> [Caused by] CodeIgniter\Database\Exceptions\DatabaseException: You have an error in your SQL syntax; check the manual that corresponds to your MySQL server version for the right syntax to use near '? and  ?' at line 1
in SYSTEMPATH\Database\MySQLi\Connection.php on line 317.
 1 SYSTEMPATH\Database\BaseConnection.php(734): CodeIgniter\Database\MySQLi\Connection->execute('SELECT * FROM tbl_lop WHERE lop_date between ? and  ?')
 2 SYSTEMPATH\Database\BaseConnection.php(648): CodeIgniter\Database\BaseConnection->simpleQuery('SELECT * FROM tbl_lop WHERE lop_date between ? and  ?')
 3 APPPATH\Controllers\HRController.php(172): CodeIgniter\Database\BaseConnection->query('SELECT * FROM tbl_lop WHERE lop_date between ? and  ?')
 4 SYSTEMPATH\CodeIgniter.php(933): App\Controllers\HRController->change_status('153', 'approved', 'GZ44', 'undefined')
 5 SYSTEMPATH\CodeIgniter.php(509): CodeIgniter\CodeIgniter->runController(Object(App\Controllers\HRController))
 6 SYSTEMPATH\CodeIgniter.php(355): CodeIgniter\CodeIgniter->handleRequest(null, Object(Config\Cache), false)
 7 SYSTEMPATH\Boot.php(334): CodeIgniter\CodeIgniter->run()
 8 SYSTEMPATH\Boot.php(67): CodeIgniter\Boot::runCodeIgniter(Object(CodeIgniter\CodeIgniter))
 9 FCPATH\index.php(56): CodeIgniter\Boot::bootWeb(Object(Config\Paths))
CRITICAL - 2025-09-26 12:12:51 --> [Caused by] mysqli_sql_exception: You have an error in your SQL syntax; check the manual that corresponds to your MySQL server version for the right syntax to use near '? and  ?' at line 1
in SYSTEMPATH\Database\MySQLi\Connection.php on line 312.
 1 SYSTEMPATH\Database\MySQLi\Connection.php(312): mysqli->query('SELECT * FROM tbl_lop WHERE lop_date between ? and  ?', 0)
 2 SYSTEMPATH\Database\BaseConnection.php(734): CodeIgniter\Database\MySQLi\Connection->execute('SELECT * FROM tbl_lop WHERE lop_date between ? and  ?')
 3 SYSTEMPATH\Database\BaseConnection.php(648): CodeIgniter\Database\BaseConnection->simpleQuery('SELECT * FROM tbl_lop WHERE lop_date between ? and  ?')
 4 APPPATH\Controllers\HRController.php(172): CodeIgniter\Database\BaseConnection->query('SELECT * FROM tbl_lop WHERE lop_date between ? and  ?')
 5 SYSTEMPATH\CodeIgniter.php(933): App\Controllers\HRController->change_status('153', 'approved', 'GZ44', 'undefined')
 6 SYSTEMPATH\CodeIgniter.php(509): CodeIgniter\CodeIgniter->runController(Object(App\Controllers\HRController))
 7 SYSTEMPATH\CodeIgniter.php(355): CodeIgniter\CodeIgniter->handleRequest(null, Object(Config\Cache), false)
 8 SYSTEMPATH\Boot.php(334): CodeIgniter\CodeIgniter->run()
 9 SYSTEMPATH\Boot.php(67): CodeIgniter\Boot::runCodeIgniter(Object(CodeIgniter\CodeIgniter))
10 FCPATH\index.php(56): CodeIgniter\Boot::bootWeb(Object(Config\Paths))
DEBUG - 2025-09-26 12:22:19 --> Session: Class initialized using 'CodeIgniter\Session\Handlers\FileHandler' driver.
DEBUG - 2025-09-26 12:22:19 --> User IP: ::1
DEBUG - 2025-09-26 12:22:20 --> Session: Class initialized using 'CodeIgniter\Session\Handlers\FileHandler' driver.
DEBUG - 2025-09-26 12:22:20 --> User IP: ::1
DEBUG - 2025-09-26 12:22:23 --> Session: Class initialized using 'CodeIgniter\Session\Handlers\FileHandler' driver.
DEBUG - 2025-09-26 12:22:23 --> User IP: ::1
DEBUG - 2025-09-26 12:22:24 --> Session: Class initialized using 'CodeIgniter\Session\Handlers\FileHandler' driver.
DEBUG - 2025-09-26 12:22:24 --> User IP: ::1
DEBUG - 2025-09-26 12:23:48 --> Session: Class initialized using 'CodeIgniter\Session\Handlers\FileHandler' driver.
DEBUG - 2025-09-26 12:23:48 --> User IP: ::1
DEBUG - 2025-09-26 12:23:48 --> Session: Class initialized using 'CodeIgniter\Session\Handlers\FileHandler' driver.
DEBUG - 2025-09-26 12:23:48 --> User IP: ::1
DEBUG - 2025-09-26 12:24:10 --> Session: Class initialized using 'CodeIgniter\Session\Handlers\FileHandler' driver.
DEBUG - 2025-09-26 12:24:10 --> User IP: ::1
DEBUG - 2025-09-26 12:24:11 --> Session: Class initialized using 'CodeIgniter\Session\Handlers\FileHandler' driver.
DEBUG - 2025-09-26 12:24:11 --> User IP: ::1
DEBUG - 2025-09-26 12:24:21 --> Session: Class initialized using 'CodeIgniter\Session\Handlers\FileHandler' driver.
DEBUG - 2025-09-26 12:24:21 --> User IP: ::1
DEBUG - 2025-09-26 12:24:22 --> Session: Class initialized using 'CodeIgniter\Session\Handlers\FileHandler' driver.
DEBUG - 2025-09-26 12:24:22 --> User IP: ::1
DEBUG - 2025-09-26 12:24:34 --> Session: Class initialized using 'CodeIgniter\Session\Handlers\FileHandler' driver.
DEBUG - 2025-09-26 12:24:34 --> User IP: ::1
DEBUG - 2025-09-26 12:24:34 --> Session: Class initialized using 'CodeIgniter\Session\Handlers\FileHandler' driver.
DEBUG - 2025-09-26 12:24:34 --> User IP: ::1
DEBUG - 2025-09-26 12:24:53 --> Session: Class initialized using 'CodeIgniter\Session\Handlers\FileHandler' driver.
DEBUG - 2025-09-26 12:24:53 --> User IP: ::1
DEBUG - 2025-09-26 12:24:54 --> Session: Class initialized using 'CodeIgniter\Session\Handlers\FileHandler' driver.
DEBUG - 2025-09-26 12:24:54 --> User IP: ::1
DEBUG - 2025-09-26 12:24:59 --> Session: Class initialized using 'CodeIgniter\Session\Handlers\FileHandler' driver.
DEBUG - 2025-09-26 12:24:59 --> User IP: ::1
DEBUG - 2025-09-26 12:25:00 --> Session: Class initialized using 'CodeIgniter\Session\Handlers\FileHandler' driver.
DEBUG - 2025-09-26 12:25:00 --> User IP: ::1
DEBUG - 2025-09-26 12:25:11 --> Session: Class initialized using 'CodeIgniter\Session\Handlers\FileHandler' driver.
DEBUG - 2025-09-26 12:25:11 --> User IP: ::1
DEBUG - 2025-09-26 12:25:11 --> Session: Class initialized using 'CodeIgniter\Session\Handlers\FileHandler' driver.
DEBUG - 2025-09-26 12:25:11 --> User IP: ::1
DEBUG - 2025-09-26 12:25:56 --> Session: Class initialized using 'CodeIgniter\Session\Handlers\FileHandler' driver.
DEBUG - 2025-09-26 12:25:56 --> User IP: ::1
DEBUG - 2025-09-26 12:25:57 --> Session: Class initialized using 'CodeIgniter\Session\Handlers\FileHandler' driver.
DEBUG - 2025-09-26 12:25:57 --> User IP: ::1
DEBUG - 2025-09-26 12:26:19 --> Session: Class initialized using 'CodeIgniter\Session\Handlers\FileHandler' driver.
DEBUG - 2025-09-26 12:26:19 --> User IP: ::1
DEBUG - 2025-09-26 12:26:21 --> Session: Class initialized using 'CodeIgniter\Session\Handlers\FileHandler' driver.
DEBUG - 2025-09-26 12:26:21 --> User IP: ::1
DEBUG - 2025-09-26 12:26:53 --> Session: Class initialized using 'CodeIgniter\Session\Handlers\FileHandler' driver.
DEBUG - 2025-09-26 12:26:53 --> User IP: ::1
DEBUG - 2025-09-26 12:26:55 --> Session: Class initialized using 'CodeIgniter\Session\Handlers\FileHandler' driver.
DEBUG - 2025-09-26 12:26:55 --> User IP: ::1
DEBUG - 2025-09-26 12:27:18 --> Session: Class initialized using 'CodeIgniter\Session\Handlers\FileHandler' driver.
DEBUG - 2025-09-26 12:27:18 --> User IP: ::1
DEBUG - 2025-09-26 12:27:19 --> Session: Class initialized using 'CodeIgniter\Session\Handlers\FileHandler' driver.
DEBUG - 2025-09-26 12:27:19 --> User IP: ::1
DEBUG - 2025-09-26 12:27:22 --> Session: Class initialized using 'CodeIgniter\Session\Handlers\FileHandler' driver.
DEBUG - 2025-09-26 12:27:22 --> User IP: ::1
DEBUG - 2025-09-26 12:27:22 --> Session: Class initialized using 'CodeIgniter\Session\Handlers\FileHandler' driver.
DEBUG - 2025-09-26 12:27:22 --> User IP: ::1
DEBUG - 2025-09-26 12:27:27 --> Session: Class initialized using 'CodeIgniter\Session\Handlers\FileHandler' driver.
DEBUG - 2025-09-26 12:27:27 --> User IP: ::1
DEBUG - 2025-09-26 12:27:27 --> Session: Class initialized using 'CodeIgniter\Session\Handlers\FileHandler' driver.
DEBUG - 2025-09-26 12:27:27 --> User IP: ::1
DEBUG - 2025-09-26 12:27:41 --> Session: Class initialized using 'CodeIgniter\Session\Handlers\FileHandler' driver.
DEBUG - 2025-09-26 12:27:41 --> User IP: ::1
DEBUG - 2025-09-26 12:27:41 --> Session: Class initialized using 'CodeIgniter\Session\Handlers\FileHandler' driver.
DEBUG - 2025-09-26 12:27:41 --> User IP: ::1
DEBUG - 2025-09-26 12:28:19 --> Session: Class initialized using 'CodeIgniter\Session\Handlers\FileHandler' driver.
DEBUG - 2025-09-26 12:28:19 --> User IP: ::1
DEBUG - 2025-09-26 12:28:19 --> Session: Class initialized using 'CodeIgniter\Session\Handlers\FileHandler' driver.
DEBUG - 2025-09-26 12:28:19 --> User IP: ::1
DEBUG - 2025-09-26 12:33:05 --> Session: Class initialized using 'CodeIgniter\Session\Handlers\FileHandler' driver.
DEBUG - 2025-09-26 12:33:05 --> User IP: ::1
DEBUG - 2025-09-26 12:33:05 --> Session: Class initialized using 'CodeIgniter\Session\Handlers\FileHandler' driver.
DEBUG - 2025-09-26 12:33:05 --> User IP: ::1
DEBUG - 2025-09-26 12:33:27 --> Session: Class initialized using 'CodeIgniter\Session\Handlers\FileHandler' driver.
DEBUG - 2025-09-26 12:33:27 --> User IP: ::1
DEBUG - 2025-09-26 12:33:50 --> Session: Class initialized using 'CodeIgniter\Session\Handlers\FileHandler' driver.
DEBUG - 2025-09-26 12:33:50 --> User IP: ::1
DEBUG - 2025-09-26 12:33:51 --> Session: Class initialized using 'CodeIgniter\Session\Handlers\FileHandler' driver.
DEBUG - 2025-09-26 12:33:51 --> User IP: ::1
DEBUG - 2025-09-26 12:34:07 --> Session: Class initialized using 'CodeIgniter\Session\Handlers\FileHandler' driver.
DEBUG - 2025-09-26 12:34:08 --> User IP: ::1
DEBUG - 2025-09-26 12:34:08 --> Session: Class initialized using 'CodeIgniter\Session\Handlers\FileHandler' driver.
DEBUG - 2025-09-26 12:34:08 --> User IP: ::1
DEBUG - 2025-09-26 12:45:34 --> Session: Class initialized using 'CodeIgniter\Session\Handlers\FileHandler' driver.
DEBUG - 2025-09-26 12:45:34 --> User IP: ::1
DEBUG - 2025-09-26 12:45:36 --> Session: Class initialized using 'CodeIgniter\Session\Handlers\FileHandler' driver.
DEBUG - 2025-09-26 12:45:36 --> User IP: ::1
DEBUG - 2025-09-26 12:45:41 --> Session: Class initialized using 'CodeIgniter\Session\Handlers\FileHandler' driver.
DEBUG - 2025-09-26 12:45:57 --> Session: Class initialized using 'CodeIgniter\Session\Handlers\FileHandler' driver.
DEBUG - 2025-09-26 12:45:57 --> User IP: ::1
DEBUG - 2025-09-26 12:45:58 --> Session: Class initialized using 'CodeIgniter\Session\Handlers\FileHandler' driver.
DEBUG - 2025-09-26 12:45:58 --> User IP: ::1
DEBUG - 2025-09-26 12:45:59 --> Session: Class initialized using 'CodeIgniter\Session\Handlers\FileHandler' driver.
DEBUG - 2025-09-26 12:45:59 --> User IP: ::1
ERROR - 2025-09-26 12:45:59 --> Error connecting to the database: mysqli_sql_exception: Access denied for user 'u853418576_Test'@'160.20.106.107' (using password: YES) in C:\xampp\htdocs\gighz-people\system\Database\MySQLi\Connection.php:186
Stack trace:
#0 C:\xampp\htdocs\gighz-people\system\Database\MySQLi\Connection.php(186): mysqli->real_connect('srv827.hstgr.io', 'u853418576_Test', Object(SensitiveParameterValue), 'u853418576_Test', 3306, '', 0)
#1 C:\xampp\htdocs\gighz-people\system\Database\BaseConnection.php(421): CodeIgniter\Database\MySQLi\Connection->connect(false)
#2 C:\xampp\htdocs\gighz-people\system\Database\BaseConnection.php(616): CodeIgniter\Database\BaseConnection->initialize()
#3 C:\xampp\htdocs\gighz-people\app\Controllers\Dashboard.php(407): CodeIgniter\Database\BaseConnection->query('SELECT * FROM t...', Array)
#4 C:\xampp\htdocs\gighz-people\app\Controllers\Dashboard.php(136): App\Controllers\Dashboard->getworkedRRAndGeneralWorks('GZ44', '2025-09-25', '2025-10-24')
#5 C:\xampp\htdocs\gighz-people\system\CodeIgniter.php(933): App\Controllers\Dashboard->dashboardDatas()
#6 C:\xampp\htdocs\gighz-people\system\CodeIgniter.php(509): CodeIgniter\CodeIgniter->runController(Object(App\Controllers\Dashboard))
#7 C:\xampp\htdocs\gighz-people\system\CodeIgniter.php(355): CodeIgniter\CodeIgniter->handleRequest(NULL, Object(Config\Cache), false)
#8 C:\xampp\htdocs\gighz-people\system\Boot.php(334): CodeIgniter\CodeIgniter->run()
#9 C:\xampp\htdocs\gighz-people\system\Boot.php(67): CodeIgniter\Boot::runCodeIgniter(Object(CodeIgniter\CodeIgniter))
#10 C:\xampp\htdocs\gighz-people\public\index.php(56): CodeIgniter\Boot::bootWeb(Object(Config\Paths))
#11 {main}

Next CodeIgniter\Database\Exceptions\DatabaseException: Access denied for user '****'@'160.20.106.107' (using password: YES) in C:\xampp\htdocs\gighz-people\system\Database\MySQLi\Connection.php:231
Stack trace:
#0 C:\xampp\htdocs\gighz-people\system\Database\BaseConnection.php(421): CodeIgniter\Database\MySQLi\Connection->connect(false)
#1 C:\xampp\htdocs\gighz-people\system\Database\BaseConnection.php(616): CodeIgniter\Database\BaseConnection->initialize()
#2 C:\xampp\htdocs\gighz-people\app\Controllers\Dashboard.php(407): CodeIgniter\Database\BaseConnection->query('SELECT * FROM t...', Array)
#3 C:\xampp\htdocs\gighz-people\app\Controllers\Dashboard.php(136): App\Controllers\Dashboard->getworkedRRAndGeneralWorks('GZ44', '2025-09-25', '2025-10-24')
#4 C:\xampp\htdocs\gighz-people\system\CodeIgniter.php(933): App\Controllers\Dashboard->dashboardDatas()
#5 C:\xampp\htdocs\gighz-people\system\CodeIgniter.php(509): CodeIgniter\CodeIgniter->runController(Object(App\Controllers\Dashboard))
#6 C:\xampp\htdocs\gighz-people\system\CodeIgniter.php(355): CodeIgniter\CodeIgniter->handleRequest(NULL, Object(Config\Cache), false)
#7 C:\xampp\htdocs\gighz-people\system\Boot.php(334): CodeIgniter\CodeIgniter->run()
#8 C:\xampp\htdocs\gighz-people\system\Boot.php(67): CodeIgniter\Boot::runCodeIgniter(Object(CodeIgniter\CodeIgniter))
#9 C:\xampp\htdocs\gighz-people\public\index.php(56): CodeIgniter\Boot::bootWeb(Object(Config\Paths))
#10 {main}
CRITICAL - 2025-09-26 12:45:59 --> CodeIgniter\Database\Exceptions\DatabaseException: Unable to connect to the database.
Main connection [MySQLi]: Access denied for user '****'@'160.20.106.107' (using password: YES)
[Method: POST, Route: dashboard/dashboardDatas]
in SYSTEMPATH\Database\BaseConnection.php on line 467.
 1 SYSTEMPATH\Database\BaseConnection.php(616): CodeIgniter\Database\BaseConnection->initialize()
 2 APPPATH\Controllers\Dashboard.php(407): CodeIgniter\Database\BaseConnection->query('SELECT * FROM tbl_timesheet 
         WHERE timesheet_user_id = ? 
         AND timesheet_date BETWEEN ? AND ?', [...])
 3 APPPATH\Controllers\Dashboard.php(136): App\Controllers\Dashboard->getworkedRRAndGeneralWorks('GZ44', '2025-09-25', '2025-10-24')
 4 SYSTEMPATH\CodeIgniter.php(933): App\Controllers\Dashboard->dashboardDatas()
 5 SYSTEMPATH\CodeIgniter.php(509): CodeIgniter\CodeIgniter->runController(Object(App\Controllers\Dashboard))
 6 SYSTEMPATH\CodeIgniter.php(355): CodeIgniter\CodeIgniter->handleRequest(null, Object(Config\Cache), false)
 7 SYSTEMPATH\Boot.php(334): CodeIgniter\CodeIgniter->run()
 8 SYSTEMPATH\Boot.php(67): CodeIgniter\Boot::runCodeIgniter(Object(CodeIgniter\CodeIgniter))
 9 FCPATH\index.php(56): CodeIgniter\Boot::bootWeb(Object(Config\Paths))
DEBUG - 2025-09-26 12:46:09 --> Session: Class initialized using 'CodeIgniter\Session\Handlers\FileHandler' driver.
DEBUG - 2025-09-26 12:46:09 --> User IP: ::1
DEBUG - 2025-09-26 12:46:09 --> Session: Class initialized using 'CodeIgniter\Session\Handlers\FileHandler' driver.
DEBUG - 2025-09-26 12:46:09 --> User IP: ::1
DEBUG - 2025-09-26 12:46:15 --> Session: Class initialized using 'CodeIgniter\Session\Handlers\FileHandler' driver.
DEBUG - 2025-09-26 12:46:15 --> User IP: ::1
DEBUG - 2025-09-26 12:46:15 --> Session: Class initialized using 'CodeIgniter\Session\Handlers\FileHandler' driver.
DEBUG - 2025-09-26 12:46:15 --> User IP: ::1
DEBUG - 2025-09-26 12:46:47 --> Session: Class initialized using 'CodeIgniter\Session\Handlers\FileHandler' driver.
DEBUG - 2025-09-26 12:46:47 --> User IP: ::1
DEBUG - 2025-09-26 12:46:52 --> Session: Class initialized using 'CodeIgniter\Session\Handlers\FileHandler' driver.
DEBUG - 2025-09-26 12:46:52 --> User IP: ::1
DEBUG - 2025-09-26 12:51:21 --> Session: Class initialized using 'CodeIgniter\Session\Handlers\FileHandler' driver.
DEBUG - 2025-09-26 12:51:21 --> User IP: ::1
DEBUG - 2025-09-26 12:51:25 --> Session: Class initialized using 'CodeIgniter\Session\Handlers\FileHandler' driver.
DEBUG - 2025-09-26 12:51:25 --> User IP: ::1
DEBUG - 2025-09-26 12:52:34 --> Session: Class initialized using 'CodeIgniter\Session\Handlers\FileHandler' driver.
DEBUG - 2025-09-26 12:52:34 --> User IP: ::1
DEBUG - 2025-09-26 12:52:35 --> Session: Class initialized using 'CodeIgniter\Session\Handlers\FileHandler' driver.
DEBUG - 2025-09-26 12:52:35 --> User IP: ::1
DEBUG - 2025-09-26 12:52:37 --> Session: Class initialized using 'CodeIgniter\Session\Handlers\FileHandler' driver.
DEBUG - 2025-09-26 12:52:37 --> User IP: ::1
DEBUG - 2025-09-26 12:52:38 --> Session: Class initialized using 'CodeIgniter\Session\Handlers\FileHandler' driver.
DEBUG - 2025-09-26 12:52:38 --> User IP: ::1
DEBUG - 2025-09-26 12:52:49 --> Session: Class initialized using 'CodeIgniter\Session\Handlers\FileHandler' driver.
DEBUG - 2025-09-26 12:52:49 --> User IP: ::1
DEBUG - 2025-09-26 12:52:50 --> Session: Class initialized using 'CodeIgniter\Session\Handlers\FileHandler' driver.
DEBUG - 2025-09-26 12:52:50 --> User IP: ::1
DEBUG - 2025-09-26 12:53:01 --> Session: Class initialized using 'CodeIgniter\Session\Handlers\FileHandler' driver.
DEBUG - 2025-09-26 12:53:01 --> User IP: ::1
DEBUG - 2025-09-26 12:53:02 --> Session: Class initialized using 'CodeIgniter\Session\Handlers\FileHandler' driver.
DEBUG - 2025-09-26 12:53:02 --> User IP: ::1
DEBUG - 2025-09-26 12:54:23 --> Session: Class initialized using 'CodeIgniter\Session\Handlers\FileHandler' driver.
DEBUG - 2025-09-26 12:54:44 --> Session: Class initialized using 'CodeIgniter\Session\Handlers\FileHandler' driver.
DEBUG - 2025-09-26 12:55:23 --> Session: Class initialized using 'CodeIgniter\Session\Handlers\FileHandler' driver.
DEBUG - 2025-09-26 12:55:23 --> User IP: ::1
DEBUG - 2025-09-26 12:55:28 --> Session: Class initialized using 'CodeIgniter\Session\Handlers\FileHandler' driver.
DEBUG - 2025-09-26 12:55:28 --> User IP: ::1
DEBUG - 2025-09-26 12:55:42 --> Session: Class initialized using 'CodeIgniter\Session\Handlers\FileHandler' driver.
DEBUG - 2025-09-26 12:55:42 --> User IP: ::1
DEBUG - 2025-09-26 12:56:21 --> Session: Class initialized using 'CodeIgniter\Session\Handlers\FileHandler' driver.
DEBUG - 2025-09-26 12:56:21 --> User IP: ::1
DEBUG - 2025-09-26 12:56:26 --> Session: Class initialized using 'CodeIgniter\Session\Handlers\FileHandler' driver.
DEBUG - 2025-09-26 12:56:26 --> User IP: ::1
DEBUG - 2025-09-26 12:56:44 --> Session: Class initialized using 'CodeIgniter\Session\Handlers\FileHandler' driver.
DEBUG - 2025-09-26 12:56:44 --> User IP: ::1
